Company,Location,Num Employees,Date of Effect,Date of Notification
Cascade Valley Hospital & Clinics ,Arlington,418,"Tuesday, May 31, 2016",3/30/2016
Xerox Commercial Solutioins ,Kent,98,"Tuesday, May 31, 2016",3/31/2016
Sterling Life Insurance Company ,Bellingham,55,"Wednesday, May 11, 2016",3/11/2016
Haggen Food & Pharmacy ,Puyallup,78,"Tuesday, May 10, 2016",3/11/2016
Haggen Food & Pharmacy ,Port Angeles,67,"Tuesday, May 10, 2016",3/11/2016
Haggen Food & Pharmacy ,Federal Way,71,"Monday, May 09, 2016",3/9/2016
Haggen Food & Pharmacy ,Burien,54,"Monday, May 09, 2016",3/9/2016
Albertson's LLC ,Bellingham,65,"Saturday, May 07, 2016",3/4/2016
Xerox Commercial Solutioins ,Redmond,325,"Friday, May 06, 2016",3/7/2016
Locating Inc. ,Lakewood,60,"Sunday, May 01, 2016",3/1/2016
Maslow Media Group ,Seattle,8,"Saturday, April 30, 2016",2/18/2016
University of Phoenix ,Seattle,4,"Friday, April 29, 2016",2/29/2016
"Apollo Education Group, Inc. (AEG) ",Seattle,72,"Friday, April 29, 2016",2/29/2016
Wells Fargo Home Mortgage Servicing ,Vancouver,59,"Sunday, April 03, 2016",2/3/2016
Wells Fargo Home Mortgage Servicing ,Vancouver,1,"Sunday, April 03, 2016",3/16/2016
Mycom North America ,Redmond,2,"Thursday, March 31, 2016",3/15/2016
Cardinal Health ,Auburn,59,"Thursday, March 31, 2016",1/25/2016
Macy's ,Spokane,94,"Monday, March 14, 2016",1/6/2016
Haggen Food & Pharmacy ,Puyallup,87,"Tuesday, March 08, 2016",1/8/2016
Concentrix ,Bremerton,520,"Friday, March 04, 2016",1/28/2016
Hoquiam Plywood Products ,Hoquiam,90,"Monday, February 15, 2016",12/17/2015
Omak Wood Products ,Omak,184,"Friday, February 12, 2016",12/14/2015
Management & Training Corporation ,Sedro Woolley,90,"Sunday, January 31, 2016",11/30/2015
Alcoa Intalco Works ,Ferndale,465,"Monday, January 18, 2016",11/18/2015
Alcoa Inc. ,Malaga,415,"Tuesday, January 05, 2016",11/6/2015
Aramark Sports & Entertainment ,Seattle,78,"Thursday, December 31, 2015",12/9/2015
CH2M ,Bellingham,128,"Monday, December 07, 2015",10/7/2015
Graphic Packaging ,Renton,108,"Thursday, December 03, 2015",10/2/2015
Haggen Food & Pharmacy ,Statewide,1073,"Tuesday, November 24, 2015",9/25/2015
JACO Environmental ,Bothell/Everett,154,"Monday, November 23, 2015",11/23/2015
CH2M ,Bellingham,128,"Friday, November 20, 2015",9/21/2015
Red Lion Hotel ,Vancouver,82,"Saturday, October 31, 2015",8/26/2015
Boeing ,Puget Sound,39,"Friday, October 23, 2015",8/21/2015
Haggen Food & Pharmacy ,Spanaway,62,"Tuesday, October 13, 2015",8/14/2015
Boeing ,Puget Sound,172,"Friday, September 18, 2015",7/17/2015
Mount Baker Vapor ,Bellingham,92,"Tuesday, September 15, 2015",7/8/2015
Sodexo ,Snohomish,63,"Monday, August 31, 2015",6/23/2015
HTC America ,Bellevue,85,"Tuesday, August 25, 2015",8/24/2015
Interfor ,Tacoma,127,"Monday, August 24, 2015",8/24/2015
Boeing ,Puget Sound,23,"Friday, August 21, 2015",6/19/2015
Bags ,Seattle,190,"Friday, August 14, 2015",6/17/2015
HTC America ,Bellevue,23,"Monday, August 10, 2015",8/10/2015
HTC America Innovation ,Seattle,24,"Monday, August 10, 2015",8/10/2015
Boeing ,Puget Sound,18,"Tuesday, July 14, 2015",6/11/2015
Golden Nugget Tukwila Casino ,Tukwila,69,"Friday, June 26, 2015",4/24/2015
Simpson Lumber Company ,Shelton,275,"Thursday, June 25, 2015",4/27/2015
Emeritus Senior Living ,Seattle,10,"Wednesday, June 24, 2015",4/23/2015
Boeing ,Puget Sound,153,"Friday, June 19, 2015",4/17/2015
Federal Home Loan Bank ,Seattle,109,"Monday, June 01, 2015",3/31/2015
Interfor ,Tacoma,90,"Friday, May 22, 2015",5/28/2015
Triumph Composite Systems ,Spokane,25,"Monday, May 11, 2015",3/9/2015
"Ambassador Programs, Inc. ",Spokane,60,"Monday, April 27, 2015",2/26/2015
Boeing ,Puget Sound,319,"Friday, April 24, 2015",2/26/2015
Trulia ,Bellevue,157,"Monday, April 20, 2015",2/26/2015
Emeritus Senior Living ,"Seattle, WA",41,"Thursday, April 02, 2015",2/3/2015
Bradken Foundry ,Chehalis,89,"Monday, March 16, 2015",1/14/2015
Great American Casino ,Kent,93,"Sunday, March 15, 2015",1/26/2015
United Airlines ,Seattle,41,"Saturday, March 07, 2015",1/6/2015
Group Health  ,Seattle,15,"Sunday, March 01, 2015",12/26/2014
Valeant Pharmaceuticals ,Seattle,77,"Monday, February 23, 2015",2/23/2015
United Airlines ,Seattle,264,"Friday, January 30, 2015",11/26/2014
Swiift Transportation ,Pasco,180,"Friday, January 30, 2015",11/26/2014
Boeing ,Puget Sound,83,"Friday, January 23, 2015",11/21/2014
Avamere Georgian House of Lakewood ,Lakewood WA,69,"Friday, January 16, 2015",11/4/2014
JCPenney ,"Sumner, WA",112,"Friday, January 16, 2015",11/10/2014
Nordstrom ,Vancouver,142,"Saturday, January 10, 2015",10/29/2014
Group Health  ,Seattle,102,"Wednesday, December 31, 2014",10/30/2014
Amgen ,Seattle,274,"Wednesday, December 31, 2014",10/22/2014
Microsoft ,Redmond,635,"Sunday, December 28, 2014",10/29/2014
Cobalt Mortgage ,Kirkland,10,"Tuesday, December 16, 2014",10/10/2014
Emeritus Senior Living ,"Seattle, WA",29,"Monday, December 01, 2014",9/30/2014
"Metrie, Inc. ",Monroe,54,"Thursday, November 27, 2014",10/7/2014
Macro Technologies ,Kirkland,64,"Friday, November 21, 2014",9/16/2014
Cobalt Mortgage ,Kirkland,148,"Friday, November 21, 2014",9/17/2014
Microsoft ,Redmond,747,"Monday, November 17, 2014",9/18/2014
Staples ,Auburn,50,"Monday, November 17, 2014",9/16/2014
Niagara Bottling ,"Burlington, WA",73,"Thursday, November 13, 2014",9/2/2014
Novo Nordisk ,Seattle,63,"Monday, November 03, 2014",9/2/2014
JCPenney ,Bellevue,141,"Saturday, November 01, 2014",9/2/2014
Boeing ,Puget Sound,70,"Friday, October 24, 2014",8/22/2014
Employment Security Department ,Statewide,149,"Wednesday, October 15, 2014",8/21/2014
Emeritus Senior Living ,"Seattle, WA",6,"Monday, October 06, 2014",8/5/2014
Elliott's Oyster House ,"Seattle, WA",200,"Wednesday, October 01, 2014",7/31/2014
G4S Government Solutions ,"Bangor, Silverdale",93,"Tuesday, September 30, 2014",8/4/2014
Boeing ,Puget Sound,95,"Friday, September 19, 2014",7/18/2014
Waste Management  ,"Oak Harbor, WA",125,"Friday, September 19, 2014",6/25/2014
Hightail ,Not Provided,1,"Wednesday, September 17, 2014",9/17/2014
Microsoft ,Redmond,1351,"Monday, September 15, 2014",7/17/2014
CenturyLink ,"Seattle, WA",158,"Monday, August 11, 2014",6/9/2014
Emeritus Senior Living ,"Seattle, WA",4,"Thursday, July 31, 2014",5/29/2014
Eagle Marine Services ,"Seattle, WA",94,"Thursday, July 31, 2014",5/30/2014
Interfor ,"Beaver & Forks, WA",87,"Thursday, July 31, 2014",7/31/2014
Eager Beaver Computers ,"Spokane Valley, WA",1,"Monday, June 30, 2014",4/12/2014
"Mettler-Toledo AutoChem, Inc. ","Redmond, WA",21,"Monday, June 30, 2014",1/14/2014
Express Scripts ,"Liberty Lake, WA",203,"Sunday, June 29, 2014",4/29/2014
PerkinElmer ,"Spokane, WA",80,"Friday, June 27, 2014",4/29/2014
Sears ,Seattle,13,"Sunday, June 01, 2014",2/19/2014
Sears ,"Seattle, WA",66,"Sunday, June 01, 2014",2/26/2014
Chasing Fireflies ,Seattle,92,"Thursday, May 01, 2014",2/26/2014
Pepsi ,Seattle,52,"Tuesday, April 22, 2014",2/20/2014
Boeing ,Puget Sound,79,"Friday, April 18, 2014",2/14/2014
Boeing ,Puget Sound,9,"Friday, April 04, 2014",1/31/2014
Boeing ,Puget Sound,8,"Friday, March 21, 2014",1/17/2014
General Dynamics/Electric Boat ,"Silverdale, WA",29,"Friday, March 14, 2014",1/17/2014
Oldcastle Building Envelope ,Everett,56,"Wednesday, March 12, 2014",1/10/2014
Sprint ,"Bellevue & Kirkland, WA",91,"Saturday, March 01, 2014",2/5/2014
Boeing ,Puget Sound,11,"Friday, February 21, 2014",12/20/2013
N-Store Merchandising ,"Statewide, WA",35,"Monday, February 03, 2014",2/4/2014
Zynga Inc. ,Seattle,52,"Thursday, January 30, 2014",1/30/2014
Boeing ,Puget Sound,71,"Friday, January 24, 2014",11/22/2013
Berry Plastics Corporation ,Kent,118,"Sunday, January 19, 2014",11/19/2013
Electric Boat ,Bremerton,6,"Friday, January 03, 2014",11/1/2013
Boeing ,Puget Sound,39,"Wednesday, January 01, 2014",11/1/2013
Sprint ,Bellevue,17,"Tuesday, December 31, 2013",11/11/2013
Pacific Rail Services ,Seattle,75,"Tuesday, December 31, 2013",10/17/2013
Transfield Services Rersource & Energy ,"Ferndale, WA",49,"Tuesday, December 31, 2013",12/9/2013
Pacific Construction Systems ,Bellevue,103,"Tuesday, December 31, 2013",7/15/2013
Boeing ,Puget Sound,200,"Friday, December 13, 2013",10/11/2013
Visiting Nurse Home Care ,"Whatcom, County",150,"Saturday, November 30, 2013",9/30/2013
Boeing ,Puget Sound,266,"Friday, November 22, 2013",9/20/2013
RockTenn ,Renton,58,"Friday, November 22, 2013",9/23/2013
Mike Campbell & Associates ,Lacey,76,"Tuesday, November 12, 2013",9/5/2013
Boeing ,Puget Sound,3,"Friday, September 27, 2013",7/25/2013
"Fluor Federal Services, Inc. ",Richland,150,"Thursday, September 26, 2013",7/1/2013
Boeing ,Puget Sound,143,"Friday, September 20, 2013",7/18/2013
Sprint ,Bellevue & Kirkland,161,"Friday, September 20, 2013",9/5/2013
RoadLink Workforce Solutions ,Chehalis,86,"Sunday, September 15, 2013",9/3/2013
Andrews International Inc. ,Seattle,35,"Sunday, September 01, 2013",7/15/2013
Boeing ,Puget Sound,266,"Friday, August 23, 2013",6/21/2013
AREVA Federal Services LLC ,Richland,3,"Wednesday, July 31, 2013",7/31/2013
Boeing ,Puget Sound,253,"Friday, July 19, 2013",5/17/2013
First A.M.E. Child Development Center ,Seattle,45,"Sunday, June 30, 2013",4/10/2013
Medical Center Pharmacy ,Olympia,4,"Sunday, June 30, 2013",7/21/2013
Boeing ,Puget Sound,99,"Friday, June 21, 2013",4/19/2013
Boeing ,Puget Sound,939,"Friday, June 07, 2013",4/5/2013
Zynga Inc. ,Seattle,2,"Monday, June 03, 2013",6/3/2013
EPIC ,Yakima County,328,"Friday, May 31, 2013",5/7/2013
"Sykes Enterprises, Incorporated ",Spokane Valley,148,"Sunday, May 26, 2013",3/26/2013
RoadLink Workforce Solutions ,Chehalis,150,"Saturday, May 18, 2013",5/2/2013
Sargento ,Bellingham,34,"Friday, May 03, 2013",4/8/2013
"Semiahmoo Resort Company, LLC ",Blaine,107,"Friday, May 03, 2013",3/5/2013
Comprehensive Clinical Development NW ,Tacoma,43,"Wednesday, April 17, 2013",4/16/2013
American Suzuki Motor Corporation ,Snohomish and Spokane Counties,2,"Thursday, March 14, 2013",1/14/2013
Kmart ,Seattle,85,"Sunday, March 10, 2013",1/8/2013
"Pacific Physicians' Laboratory, Inc.  ",Lynnwood,59,"Saturday, March 09, 2013",1/8/2013
Central Parking ,Bellevue,102,"Thursday, February 28, 2013",2/13/2013
Skookum ,Ft. Lewis,54,"Thursday, February 28, 2013",12/28/2012
Levy Premium Foodservice LP ,Seattle,363,"Tuesday, February 26, 2013",1/29/2013
TriWest Healthcare Alliance Corporation ,Everett,2,"Friday, February 15, 2013",12/10/2012
TriWest Healthcare Alliance Corporation ,Oak Harbor,4,"Friday, February 15, 2013",12/10/2012
TriWest Healthcare Alliance Corporation ,Fairchild AFB,3,"Friday, February 15, 2013",12/10/2012
TriWest Healthcare Alliance Corporation ,Pierce County,127,"Friday, February 15, 2013",12/10/2012
TriWest Healthcare Alliance Corporation ,Yakima,1,"Friday, February 15, 2013",12/10/2012
TriWest Healthcare Alliance Corporation ,Seattle,1,"Friday, February 15, 2013",12/10/2012
TriWest Healthcare Alliance Corporation ,Port Angeles,2,"Friday, February 15, 2013",12/10/2012
TriWest Healthcare Alliance Corporation ,Bremerton,5,"Friday, February 15, 2013",12/10/2012
Life Care Center of West Seattle ,Seattle,99,"Thursday, January 31, 2013",11/29/2012
Briggs Nursery ,Porter,150,"Friday, January 25, 2013",1/25/2013
"Clopay Building Products Company, Inc.  ",Auburn,55,"Friday, January 25, 2013",10/25/2012
"Semiahmoo Resort Company, LLC ",Blaine,224,"Monday, December 31, 2012",10/29/2012
Katana Summit ,Ephrata,81,"Monday, December 31, 2012",12/26/2012
BAE Systems ,Keyport,57,"Thursday, December 27, 2012",10/22/2012
Draper Valley Holdings LLC ,Renton,66,"Friday, December 07, 2012",10/5/2012
Dendreon Corporation ,Seattle,145,"Tuesday, November 20, 2012",9/19/2012
American Airlines ,Seattle,66,"Friday, November 16, 2012",9/17/2012
URS Federal Services ,Oak Harbor,236,"Wednesday, October 31, 2012",9/20/2012
Harland Clarke Holdings Corp. ,Milton,35,"Tuesday, October 09, 2012",7/30/2012
Auburn Regional Medical Center ,Auburn,827,"Friday, September 28, 2012",7/27/2012
Universal Lumpers ,Auburn,97,"Monday, September 24, 2012",7/19/2012
"Thales Avionics, Inc. ",Seattle,42,"Friday, September 14, 2012",7/12/2012
Seattle Hilton Hotel ,Seattle,141,"Monday, September 03, 2012",7/3/2012
Delta Air Lines Reservation Call Center ,SeaTac,189,"Saturday, September 01, 2012",5/18/2012
National Food Corporation ,Everett,75,"Friday, August 24, 2012",6/21/2012
Berry Plastics Corporation ,Kent,59,"Friday, August 24, 2012",9/7/2012
Parsons ,Pasco,103,"Sunday, August 19, 2012",6/19/2012
AREVA Federal Services LLC ,Richland,5,"Wednesday, August 15, 2012",8/15/2012
Sterling Bank (First Independent Bank) ,Vancouver,63,"Friday, August 03, 2012",5/31/2012
Hostess Brands ,Bellingham,6,"Tuesday, July 03, 2012",5/4/2012
Hostess Brands ,Everett,15,"Tuesday, July 03, 2012",5/4/2012
Hostess Brands ,Seattle,111,"Tuesday, July 03, 2012",5/4/2012
Hostess Brands ,Kent,17,"Tuesday, July 03, 2012",5/4/2012
Hostess Brands ,Bremerton,6,"Tuesday, July 03, 2012",5/4/2012
Hostess Brands ,Lakewood,53,"Tuesday, July 03, 2012",5/4/2012
Hostess Brands ,Tacoma,3,"Tuesday, July 03, 2012",5/4/2012
Hostess Brands ,Tumwater,8,"Tuesday, July 03, 2012",5/4/2012
Hostess Brands ,Longview,6,"Tuesday, July 03, 2012",5/4/2012
Hostess Brands ,Moses Lake,2,"Tuesday, July 03, 2012",5/4/2012
Hostess Brands ,Yakima,9,"Tuesday, July 03, 2012",5/4/2012
Hostess Brands ,Spokane,14,"Tuesday, July 03, 2012",5/4/2012
BAE Systems ,Keyport,61,"Saturday, June 30, 2012",4/16/2012
Verizon Wireless ,Bellevue,814,"Saturday, June 30, 2012",4/30/2012
"Amonix, Inc. ",Langley,1,"Saturday, June 30, 2012",5/1/2012
Davis Wire Corporation ,Kent,57,"Tuesday, June 19, 2012",4/20/2012
Cardiac Science Corporate ,Bothell,60,"Tuesday, June 05, 2012",4/5/2012
Harland Clarke Holdings Corp. ,Milton,74,"Saturday, June 02, 2012",4/3/2012
"Zipper Interactive, Inc. ",Redmond,86,"Friday, June 01, 2012",4/23/2012
Boeing ,Puget Sound,39,"Monday, May 28, 2012",3/23/2012
CenturyLink ,Gig Harbor,52,"Friday, April 27, 2012",2/23/2012
Swedish Visiting Nurse Services ,"Seattle, Mountlake Terrace",216,"Friday, April 27, 2012",2/27/2012
Heinz North America ,Kent,79,"Friday, April 13, 2012",2/10/2012
"Sykes Enterprises, Incorporated ",Spokane Valley,167,"Monday, March 12, 2012",1/10/2012
Snokist Growers ,Yakima,607,"Sunday, February 05, 2012",12/7/2011
"Emerald Shared Services DBA K&L Distributors, Inc. ",Renton,215,"Friday, January 20, 2012",11/17/2011
Washington State Employment Security Department ,Statewide,222,"Monday, January 16, 2012",10/21/2011
Kimberly-Clark Corporation ,Everett,760,"Sunday, January 01, 2012",10/14/2011
Kerry Ingredients & Flavours ,Kent,58,"Friday, December 16, 2011",10/13/2011
"Lowe's HIW, Inc. ",Tacoma,92,"Friday, December 16, 2011",10/17/2011
Hampton Lumber Mills ,Darrington,76,"Monday, December 12, 2011",10/12/2011
"BlueScope Buildings North America, Inc. ",Arlington,67,"Monday, December 12, 2011",10/13/2011
Stimson Lumber ,Colville,67,"Friday, November 11, 2011",9/8/2011
Kmart ,Spokane,68,"Sunday, November 06, 2011",8/9/2011
Hampton Affiliates ,Randle,80,"Monday, October 31, 2011",8/4/2011
TeleTech ,Bremerton,240,"Sunday, October 30, 2011",8/31/2011
Lockheed Martin Corporation ,5 Puget Sound military locations,41,"Friday, September 30, 2011",7/28/2011
CH2MHill Plateau Remediation Company ,Richland,750,"Thursday, September 29, 2011",7/29/2011
Materials & Energy Corporation ,Richland,141,"Thursday, September 29, 2011",7/28/2011
"Woodinville Lumber, Inc. ",Woodinville,76,"Friday, August 26, 2011",8/8/2011
"Woodinville Construction Services, L.L.C. ",Woodinville,38,"Friday, August 26, 2011",8/8/2011
Tri-County Truss ,Burlington,94,"Friday, August 26, 2011",8/8/2011
Wells Fargo Home Mortgage Servicing ,Bellevue,113,"Sunday, August 21, 2011",6/22/2011
Monterey Gormet Foods ,Kent,75,"Wednesday, August 17, 2011",6/17/2011
"Insight Schools, Inc. ",Bellevue,168,"Monday, July 18, 2011",5/18/2011
Cardiac Science Corporate ,Bothell,54,"Friday, July 01, 2011",4/26/2011
"Radia, Inc. P. S. ",Everett,51,"Thursday, June 30, 2011",11/15/2011
BAE Systems ,Keyport,90,"Thursday, June 30, 2011",4/29/2011
Pinnacle Foods Group ,Tacoma,139,"Thursday, June 23, 2011",4/25/2011
Petermann Northwest LLC ,Seattle,109,"Wednesday, June 22, 2011",5/26/2011
Whirlpool Corporation ,Yakima,140,"Monday, June 13, 2011",4/12/2011
Penguin Windows ,"Lynnwood, Vancouver",121,"Friday, June 10, 2011",6/15/2011
"Grays Harbor Paper, LLC ",Hoquiam,231,"Wednesday, May 25, 2011",5/25/2011
Harland Clarke Holdings Corp. ,Milton,53,"Saturday, April 09, 2011",2/9/2011
"Union Bank, N.A. ",Everett,72,"Thursday, March 31, 2011",3/8/2011
"Pilchuck Contractors, Inc. ",Puget Sound,300,"Monday, March 28, 2011",1/27/2011
DAL Global Services ,Seattle,168,"Wednesday, February 23, 2011",1/31/2011
"Semiahmoo Resort Company, LLC ",Blaine,321,"Tuesday, February 15, 2011",12/14/2010
CompuCom Application Services ,Bellevue,60,"Tuesday, February 08, 2011",2/14/2011
Penguin Windows ,"Lynwood, Mukilteo, Lakewood",210,"Tuesday, February 01, 2011",2/1/2011
"ZipRealty, Inc. ",Kirkland,129,"Monday, January 31, 2011",11/29/2010
Exel ,Auburn,146,"Saturday, January 29, 2011",10/29/2010
International Paper ,Bellevue,78,"Friday, January 14, 2011",11/15/2010
"Icicle Seafoods, Inc. ",Seattle,83,"Monday, December 20, 2010",10/21/2010
AHP (Associated Hygienic Products LLC) ,Vancouver,101,"Saturday, November 27, 2010",9/28/2010
Xanodyne ,Western Washington,3,"Sunday, November 21, 2010",9/21/2010
"The Men's Wearhouse, Inc. ",Fife,42,"Friday, November 12, 2010",9/10/2010
CDM Long-Term Care Services ,Vancouver,100,"Monday, November 01, 2010",10/14/2010
"Icicle Seafoods, Inc. ",Bellingham,71,"Monday, October 18, 2010",8/2/2010
Skookum Fleet Management  ,Fort Lewis,50,"Monday, October 18, 2010",8/17/2010
Cruise West ,Seattle,65,"Wednesday, September 08, 2010",9/8/2010
Commercial Vehicle Group ,Vancouver,12,"Wednesday, September 01, 2010",7/15/2010
Mason County Forest Products ,Shelton,130,"Saturday, July 31, 2010",6/2/2010
Boeing ,Puget Sound,17,"Friday, July 23, 2010",5/21/2010
Skookum Fleet Management  ,Fort Lewis,176,"Monday, July 12, 2010",7/12/2010
Columbia Valley Community Health ,Wenatchee,53,"Thursday, July 01, 2010",6/2/2010
Boeing ,Puget Sound,125,"Friday, June 18, 2010",4/16/2010
AlliedBarton Security Services LLC ,"Seattle, Bellevue",128,"Thursday, June 17, 2010",5/17/2010
"ConAgra Foods, Inc. ",Prosser,218,"Sunday, May 30, 2010",3/26/2010
Boeing ,Puget Sound,65,"Friday, May 21, 2010",3/19/2010
"AB Car Rental Services, Inc.  ",Tukwila,206,"Wednesday, May 19, 2010",3/17/2010
Kmart ,Bremerton,55,"Monday, May 17, 2010",2/3/2010
Boeing ,Puget Sound,527,"Friday, April 23, 2010",2/19/2010
Zumiez Inc. ,Everett,172,"Friday, April 23, 2010",2/19/2010
"Olympic Security Services, Inc. ",Tukwila,54,"Friday, April 16, 2010",3/11/2010
BCI Coca Cola Bottling Company ,Woodland,56,"Thursday, April 01, 2010",1/29/2010
Boeing ,Puget Sound,9,"Friday, March 26, 2010",1/22/2010
Auto Warehousing Co.  ,Tacoma,55,"Monday, March 22, 2010",1/22/2010
Boeing ,Puget Sound,20,"Friday, March 19, 2010",1/15/2010
Bank of America ,Bellevue,50,"Friday, March 12, 2010",1/12/2010
International Paper ,Auburn,2,"Saturday, March 06, 2010",1/5/2010
CPC International Apple Company ,Tieton,75,"Monday, February 22, 2010",12/29/2009
Boeing ,Puget Sound,56,"Friday, February 19, 2010",12/18/2009
Walter Meier Inc. ,Auburn,5,"Monday, February 15, 2010",12/14/2009
Boeing ,Puget Sound,49,"Friday, January 22, 2010",11/20/2009
Kmart ,Vancouver,68,"Monday, January 18, 2010",11/18/2009
"Sun Microsystems, Inc ",Bellevue,3,"Sunday, January 03, 2010",11/3/2009
Boeing ,Puget Sound,48,"Friday, January 01, 2010",10/30/2009
BD Diagnostics ,Redmond,15,"Wednesday, December 23, 2009",11/3/2009
Boeing ,Puget Sound,53,"Friday, December 11, 2009",10/9/2009
Wells Fargo Mortgage ,Kirkland,60,"Monday, December 07, 2009",10/7/2009
Brandrud ,Auburn,104,"Friday, December 04, 2009",10/2/2009
Boeing ,Puget Sound,126,"Friday, November 20, 2009",9/18/2009
Adaptis Inc. ,Seattle,138,"Monday, November 02, 2009",9/10/2009
Microsoft ,Redmond,27,"Sunday, November 01, 2009",9/2/2009
"CROSSMARK Home Improvements, LCC ",Statewide,77,"Saturday, October 31, 2009",8/27/2009
Philips Electronics ,Snoqualmie,75,"Friday, October 30, 2009",8/26/2009
"Northwest Territorial Mint, LCC ",Auburn,109,"Saturday, October 24, 2009",8/27/2009
Boeing ,Puget Sound,279,"Friday, October 23, 2009",8/21/2009
"Expedia, Inc.  ",Tacoma,171,"Wednesday, October 21, 2009",10/22/2009
"Crossroads Services, Inc.  ",Statewide,45,"Sunday, October 18, 2009",8/14/2009
Boeing ,Puget Sound,45,"Friday, October 02, 2009",7/31/2009
Electric Boat ,Silverdale,8,"Friday, September 25, 2009",7/17/2009
"Stemilt Growers, Inc. ",Orondo,94,"Thursday, September 24, 2009",7/24/2009
Boeing ,Puget Sound,104,"Friday, September 18, 2009",7/17/2009
"Stemilt Growers, Inc. ",Orondo,67,"Thursday, September 17, 2009",7/17/2009
"SumTotal Systems, Inc. ",Bellevue,59,"Tuesday, September 15, 2009",9/10/2009
Johnson Outdoors Watercraft Inc. ,Ferndale,90,"Friday, September 04, 2009",6/30/2009
"Sun Microsystems, Inc ",Bellevue,2,"Monday, August 24, 2009",6/24/2009
Boeing ,Puget Sound,157,"Friday, August 21, 2009",6/19/2009
Saint-Gobain Crystals ,Washougal,58,"Monday, August 10, 2009",6/10/2009
KeyCorp ,Tacoma,240,"Monday, August 03, 2009",6/4/2009
"Merck & Co., Inc. ",Seattle,40,"Friday, July 31, 2009",6/1/2009
Ruan Transportation ,Seattle,81,"Friday, July 31, 2009",5/27/2009
Shaw Industries ,Algona,62,"Friday, July 31, 2009",5/28/2009
Johnson Controls Inc ,Bellevue,45,"Friday, July 31, 2009",5/15/2009
Boeing ,Puget Sound,117,"Friday, July 24, 2009",5/22/2009
Weyerhaeuser Forest Operation ,Cosmopolis,53,"Tuesday, July 21, 2009",5/22/2009
Amgen ,Bothell,101,"Monday, July 13, 2009",5/14/2009
Microsoft ,Redmond,1200,"Saturday, July 04, 2009",5/5/2009
Coast Engine & Equipment ,Tacoma,111,"Friday, July 03, 2009",5/4/2009
ZymoGenetics ,Seattle,170,"Tuesday, June 30, 2009",4/29/2009
Microsoft ,Seattle,2,"Tuesday, June 30, 2009",4/1/2009
Boeing ,Puget Sound,119,"Friday, June 19, 2009",4/16/2009
Liberty Mutual Insurance ,Bothell,100,"Tuesday, June 16, 2009",4/17/2009
JP Morgan Chase ,Tukwila,45,"Monday, June 15, 2009",3/31/2009
Hampton Affiliates ,Morton,124,"Saturday, June 06, 2009",4/6/2009
Hampton Affiliates ,Darrington,118,"Saturday, June 06, 2009",4/6/2009
Guy Bennett Lumber ,Clarkston,74,"Friday, June 05, 2009",3/24/2009
"Sun Microsystems, Inc ",Bellevue,24,"Saturday, May 30, 2009",3/30/2009
CDG Management ,Olympia,41,"Friday, May 29, 2009",5/15/2009
Boeing ,Puget Sound,710,"Friday, May 22, 2009",3/19/2009
Spring Air ,Lacey,45,"Friday, May 01, 2009",5/4/2009
Weyerhaeuser Sawmill ,Toutle,1,"Friday, May 01, 2009",3/2/2009
Commercial Vehicle Group ,Vancouver,70,"Thursday, April 30, 2009",3/18/2009
General Dynamics ,Spokane Valley,353,"Friday, April 24, 2009",2/23/2009
Boeing ,Puget Sound,781,"Friday, April 24, 2009",2/25/2009
Qwest ,Seattle,235,"Wednesday, April 15, 2009",1/19/2009
Best Buy ,Kent,82,"Tuesday, April 14, 2009",2/12/2009
Results Bellingham ,Bellingham,150,"Sunday, April 12, 2009",2/11/2009
Exide Technologies ,Sumner,43,"Tuesday, March 31, 2009",3/31/2009
Allied Waste ,Seattle,203,"Tuesday, March 31, 2009",1/28/2009
"Sun Microsystems, Inc ",Bellevue,4,"Monday, March 23, 2009",1/21/2009
Microsoft ,Redmond,872,"Monday, March 23, 2009",1/22/2009
Philips Electronics ,Auburn,96,"Friday, March 20, 2009",1/19/2009
Boeing ,Puget Sound,668,"Friday, March 20, 2009",1/30/2009
Seattle Post-Intelligencer ,Seattle,181,"Wednesday, March 18, 2009",1/16/2009
TTM Technologies ,Redmond,369,"Monday, March 16, 2009",2/2/2009
SolarWorld Industries ,Vancouver,63,"Friday, March 13, 2009",1/27/2009
Weyerhaeuser Lumbermill ,Raymond,50,"Monday, March 09, 2009",3/4/2009
Teck Cominco ,Metaline Falls,165,"Monday, February 16, 2009",12/18/2008
ABX Air ,Chehalis,4,"Friday, February 13, 2009",12/15/2008
Hunter Douglas ,Renton,166,"Monday, February 02, 2009",12/3/2008
Washington Mutual ,Seattle,3400,"Saturday, January 31, 2009",11/12/2008
Agilent Technologies ,Liberty Lake,120,"Friday, January 30, 2009",12/16/2008
Weyerhaeuser Sawmill ,Aberdeen,128,"Monday, January 26, 2009",1/26/2009
Pacific Veneer Weyerhaeuser ,Aberdeen,93,"Monday, January 26, 2009",1/26/2009
DHL Express ,"Kent, Bothell, Bellevue, Fife",187,"Sunday, January 18, 2009",11/14/2008
DHL Express ,Seattle,68,"Sunday, January 18, 2009",11/14/2008
American Airlines ,Seattle,1,"Friday, January 16, 2009",11/13/2008
Kenworth Trucking ,Renton,430,"Friday, January 16, 2009",11/13/2008
ABX Air ,Chehalis,52,"Tuesday, January 13, 2009",11/14/2008
"Sun Microsystems, Inc ",Bellevue,9,"Monday, January 05, 2009",11/5/2008
Mt. Hood Beverage ,Yakima & Kennewick,110,"Thursday, January 01, 2009",7/15/2008
Solid Ground ,Seattle,114,"Wednesday, December 31, 2008",10/30/2008
Morning Sun ,Tacoma,162,"Monday, December 22, 2008",10/20/2008
CDG Management ,Tacoma,34,"Sunday, December 21, 2008",11/21/2008
CDG Management ,Olympia,18,"Sunday, December 21, 2008",11/21/2008
BAE Systems ,Bremerton,31,"Friday, December 19, 2008",10/31/2008
Seattle Times ,Seattle,145,"Friday, December 12, 2008",11/4/2008
North Sky Communications ,Woodinville,57,"Thursday, December 11, 2008",12/11/2008
Stimson Lumber ,Colville,109,"Monday, December 08, 2008",10/6/2008
"Johnson Controls, Inc. ",DuPont,13,"Sunday, December 07, 2008",9/5/2008
Titus Tool Company ,Kent,50,"Sunday, November 30, 2008",7/31/2008
Heller Ehrman ,Seattle,139,"Friday, November 28, 2008",9/26/2008
Vivendi Games ,Issaquah,1,"Friday, November 07, 2008",9/5/2008
GMAC ResCap ,Bellevue,60,"Friday, October 31, 2008",8/6/2008
"IntelliTax Software Solutions, Inc. ",Bellevue,150,"Friday, October 24, 2008",10/23/2008
Milgard Windows ,Marysville,80,"Friday, October 24, 2008",10/14/2008
Rosario Resort ( Eastsound ,Orcas Island),195,"Monday, October 20, 2008",8/21/2008
Meridian Yacht/US Marine ,Arlington,276,"Thursday, October 16, 2008",10/16/2008
Meridian Yacht/US Marine ,Arlington,445,"Friday, October 10, 2008",10/9/2008
Alaska Distributors ,"Kent, Everett, Spokane",600,"Friday, October 03, 2008",8/1/2008
Cenveo Corporation ,Tukwila,15,"Friday, October 03, 2008",8/14/2008
Intermec Technologies ,Everett,184,"Friday, October 03, 2008",7/10/2008
Seattle Sonics ,Seattle,117,"Tuesday, September 30, 2008",8/6/2008
Columbia Lighting ,Spokane,211,"Friday, September 26, 2008",7/25/2008
Columbia Distributing ,4 sites,933,"Monday, September 15, 2008",7/14/2008
Vivendi Games ,Issaquah,53,"Saturday, September 13, 2008",7/28/2008
"Sun Microsystems, Inc ",Bellevue,9,"Monday, September 08, 2008",7/9/2008
American Airlines ,Seattle,22,"Friday, September 05, 2008",7/7/2008
Indymac Bank ,Bellevue,51,"Friday, September 05, 2008",7/14/2008
Syntax Brillian ,White Salmon,1,"Tuesday, September 02, 2008",8/5/2008
Starwood Resorts & Hotels ,Seattle,87,"Monday, September 01, 2008",7/25/2008
Washington Mutual ,Bellevue,84,"Sunday, August 31, 2008",4/28/2008
Ball Corporation ,Kent,112,"Sunday, August 31, 2008",5/14/2008
Seattle Times ,North Creek & Fairview,75,"Wednesday, August 27, 2008",7/30/2008
All-Woods Components ,Union Gap,29,"Wednesday, July 23, 2008",7/16/2008
"Sun Microsystems, Inc ",Bellevue,2,"Monday, July 21, 2008",5/21/2008
Educational Opportunities for Children and Family ,Vancouver,19,"Monday, June 30, 2008",4/25/2008
Pactiv Corporation ,Yakima,51,"Friday, May 09, 2008",2/27/2008
Macy's ,Seattle,697,"Friday, May 02, 2008",2/26/2008
Weyerhaeuser Company ,Toutle,81,"Thursday, May 01, 2008",3/6/2008
Wilcox Farms ,Cheney,47,"Wednesday, April 30, 2008",3/31/2008
Group Health  ,Redmond,363,"Wednesday, April 30, 2008",2/22/2008
Simpson Timber ,Tacoma/Shelton,111,"Monday, April 28, 2008",4/15/2008
J.R. Simplot ,Pasco,335,"Friday, April 18, 2008",2/15/2008
Sun Microsystems Inc ,Bellevue,1,"Monday, March 31, 2008",1/30/2008
Wilcox Farms ,Roy,130,"Monday, March 31, 2008",2/4/2008
Seattle Times - North Creek ,Bothell,7,"Monday, March 31, 2008",1/31/2008
ICOS Corporation ,Bothell,1,"Saturday, March 29, 2008",2/1/2008
Panasonic ,Vancouver,89,"Saturday, March 29, 2008",1/28/2008
DIGIO ,KIRKLAND,69,"Tuesday, March 18, 2008",1/18/2008
Holy Family Hospital ,Deer Park,79,"Saturday, March 15, 2008",1/10/2008
Xantrex Technology ,Arlington,55,"Saturday, March 01, 2008",12/11/2007
ICOS Corporation ,Bothell,6,"Friday, February 29, 2008",12/29/2007
Seattle Times - North Creek ,Bothell,71,"Friday, February 29, 2008",1/15/2008
Nastech Pharmaceutical ,Bothell,70,"Friday, February 29, 2008",2/29/2008
"Portac, Inc. ",Tacoma,71,"Monday, February 25, 2008",12/26/2007
Anesthesiologists Associated ,Spokane Valley,63,"Wednesday, February 20, 2008",2/19/2008
BAE Systems ,Keyport,55,"Tuesday, February 19, 2008",12/12/2007
Washington Mutual ,Bellevue,105,"Friday, February 15, 2008",12/10/2007
Pristina Pine ,Spokane Valley,98,"Wednesday, February 06, 2008",2/8/2008
FloorServe ,"Seattle, Tacoma and Vancouver",3,"Thursday, January 31, 2008",12/5/2007
Benchmark Electronics ,Redmond,150,"Tuesday, January 15, 2008",11/15/2007
Levitz Furniture ,Tukwila,60,"Wednesday, January 09, 2008",11/8/2007
Tree Top ,Cashmere,73,"Friday, January 04, 2008",11/5/2007
American Port Services ,Sumner,217,"Monday, December 31, 2007",9/13/2007
ICOS Corporation ,Bothell,13,"Saturday, December 29, 2007",10/30/2007
DAL Global Services ,SeaTac,132,"Wednesday, December 12, 2007",11/13/2007
Georgia Pacific Corporation ,Bellingham,210,"Saturday, December 08, 2007",10/8/2007
VAE Nortrack North America Inc. ,Seattle,58,"Saturday, December 01, 2007",9/25/2007
"Sun Microsystems, Inc ",Bellevue,9,"Monday, November 26, 2007",9/26/2007
"K Ply, Inc. ",Port Angeles,132,"Friday, November 02, 2007",2/29/2008
"Liquidation World USA, Inc. ",Nine Locations - WA,0,"Wednesday, October 31, 2007",8/27/2007
ICOS Corporation ,Bothell,12,"Monday, October 29, 2007",8/28/2007
Welco Lumber ,Marysville,57,"Friday, October 26, 2007",8/27/2007
Heritage Health & Rehab. Center ,Vancouver,50,"Monday, October 22, 2007",8/22/2007
Cenveo Corporation ,Tukwila,68,"Friday, October 19, 2007",8/21/2007
ICOS Corporation ,Bothell,1,"Monday, October 15, 2007",8/16/2007
Associated Grocers. Inc. ,Seattle-Renton,684,"Monday, October 01, 2007",8/2/2007
ICOS Corporation ,Bothell,1,"Saturday, September 29, 2007",7/30/2007
Swedish Sleep Medicine Institute ,Seattle,67,"Sunday, September 16, 2007",7/18/2007
Fleetwood Housing ,Woodland,135,"Wednesday, September 12, 2007",9/12/2007
ICOS Corporation ,Bothell,5,"Wednesday, August 29, 2007",5/14/2007
ARAMARK Healthcare ,Spokane,245,"Tuesday, August 28, 2007",6/29/2007
Electronic Data Systems ,Federal Way,147,"Friday, August 24, 2007",7/6/2007
"GreenPoint Mortgage Funding, Inc. ",Bellevue,41,"Thursday, August 23, 2007",8/23/2007
ICOS Corporation ,Bothell,1,"Wednesday, August 01, 2007",6/1/2007
SK Food Group ,Seattle ,90,"Wednesday, August 01, 2007",5/25/2007
Aleut Global Solutions ,Tacoma,7,"Monday, July 30, 2007",7/2/2007
"Commercial Vehicle Group, Inc. ",Seattle-Tacoma,115,"Monday, July 30, 2007",5/30/2007
ICOS Corporation ,Bothell,2,"Sunday, July 08, 2007",5/8/2007
"King County Publications, Ltd. ",Kent,109,"Friday, June 29, 2007",4/30/2007
ICOS Corporation ,Bothell,1,"Friday, June 29, 2007",4/27/2007
Bank of America ,Spokane,205,"Friday, June 29, 2007",3/14/2007
ICOS Corporation ,Redmond,1,"Friday, June 22, 2007",4/16/2007
ICOS Corporation ,Bothell,1,"Sunday, June 17, 2007",4/16/2007
Alltel ,Issaquah,260,"Saturday, June 16, 2007",4/13/2007
Electric Boat ,Bremerton,2,"Friday, June 01, 2007",3/2/2007
ICOS Corporation ,Bothell,17,"Tuesday, May 29, 2007",3/28/2007
Cosmo Store Services ,Statewide,17,"Sunday, May 27, 2007",3/23/2007
"U.S. Foodservice, Inc. ",Ridgefield,43,"Friday, May 25, 2007",2/21/2007
Bethlehem Construction ,Cashmere,76,"Thursday, May 24, 2007",4/20/2007
ICOS Corporation ,Bothell,1,"Saturday, May 05, 2007",3/5/2007
Electric Boat ,Bremerton,6,"Friday, May 04, 2007",2/16/2007
New Century Financial Corporation ,Bellevue,41,"Friday, May 04, 2007",5/4/2007
ICOS Corporation ,Bothell,1,"Tuesday, May 01, 2007",3/22/2007
"Sun Microsystems, Inc ",Bellevue,2,"Monday, April 30, 2007",2/28/2007
ICOS Corporation ,Bothell/Redmond/Bellevue,61,"Sunday, April 29, 2007",2/27/2007
Millenium Funding Group ,Vancouver,72,"Thursday, April 26, 2007",4/26/2007
"Portac, Inc. ",Tacoma,45,"Sunday, April 01, 2007",1/15/2007
AgriNorthwest ,Kennewick,106,"Saturday, March 31, 2007",1/15/2007
Trident Seafoods Corporation ,Fife,106,"Friday, March 30, 2007",1/11/2007
Sealed Air ,Kent,99,"Friday, March 30, 2007",2/28/2007
ICOS Corporation ,Bothell,10,"Thursday, March 29, 2007",1/25/2007
"Sun Microsystems, Inc ",Bellevue,1,"Monday, March 26, 2007",1/24/2007
Bessie Burton Sullivan Nursing Residence ,Seattle,196,"Thursday, March 15, 2007",1/8/2007
Millenium Funding Group ,Vancouver,76,"Friday, March 02, 2007",3/6/2007
ICOS Corporation ,Bothell/Redmond/Bellevue,11,"Monday, February 12, 2007",12/14/2006
ICOS Corporation ,Bothell/Redmond/Bellevue,111,"Monday, February 05, 2007",12/7/2006
Electric Boat ,Bremerton,50,"Friday, February 02, 2007",12/1/2006
ICOS Corporation ,Bothell,268,"Wednesday, January 31, 2007",1/11/2007
ICOS Corporation ,Bothell/Redmond,15,"Monday, January 29, 2007",11/30/2006
ICOS Corporation ,Bothell,20,"Tuesday, January 16, 2007",11/17/2006
"Sun Microsystems, Inc ",Bellevue,3,"Monday, January 15, 2007",11/15/2006
ICOS Corporation ,Bothell,56,"Monday, January 08, 2007",11/9/2006
ICOS Corporation ,Bothell,197,"Tuesday, January 02, 2007",11/2/2006
Star Manufacturing ,Everett,107,"Monday, January 01, 2007",8/24/2006
"Marine Industries Northwest, Inc ",Tacoma,75,"Wednesday, December 27, 2006",10/27/2006
Leavenworth Wood Products ,Leavenworth,102,"Tuesday, December 12, 2006",10/11/2006
Electric Boat ,Bremerton,56,"Friday, December 08, 2006",10/5/2006
Washington Mutual ,Lynnwood,140,"Tuesday, December 05, 2006",10/4/2006
"Sun Microsystems, Inc ",Bellevue,2,"Monday, November 27, 2006",9/27/2006
Spherion ,Redmond,141,"Monday, November 27, 2006",10/2/2006
TransAlta ,Centralia,568,"Monday, November 27, 2006",11/27/2006
Electric Boat ,Bremerton,15,"Friday, November 17, 2006",9/15/2006
Trammell Crow Company ,Bellevue,64,"Wednesday, November 15, 2006",9/15/2006
UPS Supply Chain Solutions ,Auburn,57,"Wednesday, November 15, 2006",11/15/2006
DMX Music ,Seattle,120,"Monday, October 30, 2006",8/30/2006
Glaxo Smith Kline ,Bothell,63,"Wednesday, October 25, 2006",10/24/2006
"Tyson's Fresh Meats, Inc ",Pasco,590,"Monday, October 16, 2006",8/17/2006
Chelan Fruit ,Pateros,84,"Sunday, October 15, 2006",9/28/2006
Electric Boat ,Bremerton,44,"Friday, October 13, 2006",8/11/2006
"Sun Microsystems, Inc ",Bellevue,4,"Monday, October 02, 2006",8/2/2006
Bank of America ,Richland,121,"Sunday, October 01, 2006",7/26/2006
Bank of America ,Seattle,255,"Sunday, October 01, 2006",7/26/2006
Bank of America ,Seattle,89,"Sunday, October 01, 2006",7/12/2006
Weyerhaeuser Company ,Cosmopolis,245,"Sunday, October 01, 2006",10/21/2005
Pony Lumber Company ,Tacoma,125,"Thursday, September 14, 2006",7/14/2006
Electric Boat ,Bremerton,24,"Friday, September 08, 2006",7/7/2006
"Ocean Beauty Seafoods, Inc ",Seattle,120,"Friday, September 01, 2006",7/7/2006
Larry's Markets ,"Bellevue, Kirkland, Redmond, Seattle, Tukwila",545,"Wednesday, August 30, 2006",5/26/2006
Shurgard Self Storage ,Seattle,175,"Friday, August 25, 2006",7/27/2006
"Sun Microsystems, Inc ",Bellevue,3,"Monday, August 21, 2006",6/21/2006
Yakima Resources ,Yakima,250,"Saturday, August 05, 2006",6/1/2006
Washington Mutual ,Bothell,900,"Sunday, July 30, 2006",6/1/2006
K-Mart ,Wenatchee,60,"Wednesday, July 12, 2006",5/8/2006
Mega Foods ,Tacoma,80,"Saturday, July 08, 2006",4/27/2006
Food Services of America ,Seattle,125,"Friday, June 30, 2006",5/2/2006
Amtech Corp ,Yelm,47,"Friday, June 30, 2006",3/31/2006
"Wackenhut Services, Inc ",Bangor,100,"Friday, June 30, 2006",4/1/2006
American Airlines ,SeaTac,28,"Monday, May 29, 2006",3/31/2006
Cingular Wireless ,Redmond,2,"Tuesday, May 09, 2006",3/10/2006
"Sun Microsystems, Inc ",Bellevue,2,"Monday, May 08, 2006",3/8/2006
Cingular Wireless ,"Bothell, Redmond",17,"Tuesday, April 25, 2006",2/24/2006
Cingular Wireless ,"Bothell, Redmond",6,"Tuesday, April 11, 2006",2/10/2006
Virginia Mason Clinics ,Port Angeles,98,"Friday, March 31, 2006",1/20/2006
UNICCO ,Federal Way,90,"Friday, March 31, 2006",1/16/2006
Cingular Wireless ,"Bothell, Redmond",34,"Tuesday, March 28, 2006",1/27/2006
Cingular Wireless ,"Bothell, Redmond",2,"Tuesday, March 14, 2006",1/16/2006
Defense Logistics Agency ,Fort Lewis,1,"Monday, March 13, 2006",2/22/2006
OfficeMax home Plate ,Elma,63,"Saturday, March 11, 2006",1/9/2006
Ossur Generation II USA ,Bothell,49,"Wednesday, March 08, 2006",3/13/2006
Bank of America ,Seattle,115,"Friday, March 03, 2006",11/10/2005
"Schoeller Arca Systems, Inc ",Tacoma,86,"Wednesday, March 01, 2006",12/29/2005
Cingular Wireless ,"Bothell, Redmond",1,"Tuesday, February 14, 2006",12/16/2005
Sinnett's MarketPlace ,Longview,65,"Saturday, February 11, 2006",1/24/2006
"Bechtel National, Inc. ",Richland,275,"Monday, February 06, 2006",12/8/2005
Delta Airlines ,Seattle,68,"Wednesday, February 01, 2006",11/30/2005
Cingular Wireless ,"Bothell, Redmond",16,"Tuesday, January 31, 2006",12/2/2005
Panasonic ,Vancouver,104,"Monday, January 30, 2006",1/30/2006
Georgia Pacific Corporation ,Camas,32,"Friday, January 27, 2006",11/22/2006
"Welch Foods, Inc. ",Kennewick,163,"Wednesday, January 18, 2006",11/1/2005
Getronics ,Blaine,2,"Friday, January 13, 2006",11/29/2005
Metro One ,Tukwila,45,"Monday, January 09, 2006",11/7/2005
Ridpath Hotel ,Spokane,74,"Saturday, January 07, 2006",11/7/2005
Cingular Wireless ,"Bothell, Redmond",7,"Tuesday, January 03, 2006",11/4/2005
"Woodbridge Gardens, Inc ",Winlock,4,"Friday, December 30, 2005",10/28/2005
Delaware North Companies ,Spokane,80,"Wednesday, December 28, 2005",11/10/2005
First Hill Care Center ,Seattle,103,"Tuesday, December 27, 2005",10/26/2005
Cingular Wireless ,"Bothell, Redmond",25,"Tuesday, December 20, 2005",10/21/2005
Weyerhaeuser Company ,Aberdeen,97,"Monday, December 19, 2005",10/21/2005
Interstate Brands Corp ,Lakewood,185,"Saturday, December 17, 2005",10/17/2005
Electronic Data Systems ,Tacoma,122,"Friday, December 09, 2005",10/7/2005
Cingular Wireless ,"Bothell, Redmond",24,"Tuesday, December 06, 2005",10/7/2005
"Maxon Furniture, Inc ",Kent,73,"Friday, December 02, 2005",8/25/2005
GB Enterprises ,Arlington,138,"Tuesday, November 29, 2005",9/28/2005
Cingular Wireless ,"Bothell, Redmond",15,"Tuesday, November 22, 2005",9/23/2005
"Phillips Ultrasound, Inc ",Bothell,1,"Friday, November 18, 2005",9/19/2005
Getronics ,Blaine,2,"Tuesday, November 15, 2005",9/14/2005
Kinross Gold Corp ,Republic,65,"Monday, November 14, 2005",9/8/2005
Cingular Wireless ,"Bothell, Redmond",7,"Tuesday, November 08, 2005",9/9/2005
TreeSource ,Tumwater,124,"Sunday, November 06, 2005",9/2/2005
Jeld Wen ,Everett,85,"Tuesday, October 25, 2005",8/24/2005
TFS Electronic Manufacturing ,Redmond,171,"Saturday, October 22, 2005",8/19/2005
Cingular Wireless ,"Bothell, Redmond",9,"Tuesday, October 11, 2005",8/12/2005
"Phillips Ultrasound, Inc ",Bothell,2,"Friday, October 07, 2005",8/9/2005
IAP World Services ,Bangor,787,"Saturday, October 01, 2005",7/25/2005
Cingular Wireless ,"Bothell, Redmond",6,"Tuesday, September 27, 2005",7/29/2005
"Phillips Ultrasound, Inc ",Bothell,33,"Friday, September 16, 2005",7/15/2005
Cingular Wireless ,"Bothell, Redmond",10,"Wednesday, September 14, 2005",7/15/2005
"Rockwell Collins, Inc ",Kirkland,135,"Friday, August 26, 2005",5/23/2005
Jeld Wen ,Everett,75,"Tuesday, August 23, 2005",6/20/2005
Cingular Wireless ,"Bothell, Redmond",4,"Tuesday, August 16, 2005",6/21/2005
"Monolith Productions, Inc ",Kirkland,80,"Monday, August 15, 2005",6/15/2005
"Phillips Ultrasound, Inc ",Bothell,13,"Friday, August 12, 2005",6/10/2005
"Cell Therapeutics, Inc ",Seattle,92,"Tuesday, August 02, 2005",6/2/2005
Durham School Services ,Seattle,98,"Sunday, July 31, 2005",5/26/2005
PhotoWorks.com ,Seattle,3,"Friday, July 22, 2005",7/11/2005
Cingular Wireless ,"Bothell, Redmond",15,"Tuesday, July 19, 2005",5/20/2005
Alaska Airlines ,Seattle,477,"Sunday, July 17, 2005",5/13/2005
"Contec, LLC ",Seattle,70,"Friday, July 15, 2005",5/12/2005
Corixa Corp. ,Seattle,70,"Friday, July 15, 2005",7/13/2005
Cingular Wireless ,"Bothell, Redmond",12,"Tuesday, July 05, 2005",5/5/2005
Laidlaw Transit Services ,Redmond,75,"Thursday, June 30, 2005",5/9/2005
American Commercial Security Services ,Bellevue,155,"Thursday, June 30, 2005",5/16/2005
"Bechtel National, Inc. ",Richland,350,"Friday, June 24, 2005",4/25/2005
Cingular Wireless ,Redmond,4,"Tuesday, June 21, 2005",4/22/2005
Qwest ,Seattle,23,"Wednesday, June 08, 2005",4/15/2005
Qwest ,Seattle,144,"Wednesday, June 08, 2005",3/22/2005
United Airlines ,Kent,426,"Sunday, June 05, 2005",4/4/2005
Lennox Hearth Products ,Burlington,72,"Friday, June 03, 2005",4/4/2005
"Phillips Ultrasound, Inc ",Bothell,43,"Friday, May 20, 2005",3/17/2005
Cingular Wireless ,"Bothell, Redmond",26,"Friday, May 13, 2005",3/14/2005
Brown & Cole Stores ,Pasco,64,"Friday, May 06, 2005",3/3/2005
Brown & Cole Stores ,Smokey Point,65,"Friday, May 06, 2005",3/3/2005
Brown & Cole Stores ,Yakima,67,"Friday, May 06, 2005",3/3/2005
Yakima Resources ,Yakima,118,"Saturday, April 30, 2005",3/1/2005
Cingular Wireless ,"Bothell, Redmond",73,"Friday, April 29, 2005",2/28/2005
Sanmina-SCI ,Bothell,53,"Friday, April 22, 2005",2/22/2005
Cingular Wireless ,"Bothell, Redmond",182,"Friday, April 15, 2005",2/11/2005
Cingular Wireless ,"Bothell, Redmond",160,"Monday, April 04, 2005",1/31/2005
PhotoWorks.com ,Seattle,67,"Thursday, March 31, 2005",1/19/2005
Pacific Marine Maintenance Co. ,Tacoma,72,"Thursday, March 31, 2005",1/26/2005
"Sallie Mae, Inc ",Seattle,74,"Monday, March 28, 2005",1/26/2005
Masonic Retirement Center of WA ,Des Moines,125,"Sunday, March 27, 2005",1/26/2005
Cingular Wireless ,"Bothell, Redmond",88,"Friday, March 18, 2005",1/17/2005
"Phillips Ultrasound, Inc ",Bothell,17,"Friday, March 18, 2005",1/17/2005
Cingular Wireless ,"Bothell, Redmond",155,"Monday, March 07, 2005",12/30/2004
Panasonic ,Kent,63,"Friday, January 21, 2005",11/15/2004
Capital One ,Federal Way,256,"Monday, January 03, 2005",12/21/2004
Trinity Universal Insurance Co. ,Spokane,47,"Saturday, January 01, 2005",10/29/2004
HMS Host ,SeaTac,103,"Monday, December 13, 2004",10/11/2004
Corixa Corp. ,Seattle,60,"Monday, December 13, 2004",12/13/2004
Alcoa-Wenatchee ,Malaga,59,"Sunday, December 12, 2004",9/20/2004
Alaska Airlines ,Seattle,189,"Wednesday, December 01, 2004",9/9/2004
Plexus Corp ,Bothell,163,"Saturday, November 20, 2004",9/21/2004
Microsoft ,Redmond,67,"Monday, October 25, 2004",8/23/2004
Guidant Sales Corp ,Redmond,2,"Friday, October 08, 2004",8/6/2004
Target ,Federal Way,134,"Tuesday, October 05, 2004",7/28/2004
SuperValue ,Tacoma,220,"Sunday, October 03, 2004",8/3/2004
Alcoa-Wenatchee ,Malaga,400,"Friday, October 01, 2004",7/28/2004
Johnson Controls ,Silverdale,35,"Friday, October 01, 2004",7/21/2004
Premera Blue Cross ,Mountlake Terrace,82,"Thursday, September 30, 2004",7/26/2004
Guidant Sales Corp ,Kirkland,2,"Monday, September 27, 2004",7/29/2004
Sacred Heart Hospital ,Spokane,174,"Tuesday, August 31, 2004",6/30/2004
Brown & Williamson Tobacco ,Bellevue,31,"Tuesday, August 31, 2004",7/1/2004
"Qualex, Inc. ",Chehalis,80,"Monday, August 23, 2004",6/14/2004
IBM ,Redmond,63,"Tuesday, August 17, 2004",6/3/2004
"Ericsson, Inc ",Redmond,3,"Friday, July 30, 2004",6/9/2004
Selkirk Industries ,Lynnwood,52,"Sunday, July 11, 2004",5/12/2004
GE Osmonics ,Kent,27,"Thursday, July 01, 2004",4/26/2004
GMAC Financial Services ,Bellevue,43,"Wednesday, June 30, 2004",4/22/2004
Evergreen Vista Convalescent Center ,Kirkland,131,"Wednesday, June 30, 2004",4/14/2004
Terabeam Corporation ,Redmond,13,"Tuesday, June 22, 2004",4/22/2004
Terabeam Corporation ,Redmond,87,"Sunday, June 13, 2004",4/14/2004
Custom Apple Packers ,Brewster,73,"Friday, June 11, 2004",4/6/2004
HealthNet Federal Services ,Tacoma,82,"Friday, May 28, 2004",3/31/2004
Peter Pan Seafoods ,Seattle,63,"Wednesday, May 26, 2004",3/22/2004
J.R. Simplot Company ,Quincy,606,"Tuesday, May 18, 2004",3/19/2004
GL&V ,Vancouver,46,"Friday, May 07, 2004",3/8/2004
Merrill Lynch Howard Johnson's ,Seattle,92,"Friday, April 30, 2004",2/27/2004
Wells Fargo Bank ,Oak Harbor,84,"Wednesday, April 28, 2004",3/22/2004
USCO Logistics ,Sumner,212,"Saturday, April 03, 2004",2/2/2004
Washington Mutual ,Seattle,170,"Thursday, April 01, 2004",5/18/2004
Airborne Express ,Seattle,1000,"Wednesday, March 31, 2004",3/29/2004
Todd Pacific Shipyards Corp ,Seattle,500,"Friday, March 26, 2004",3/22/2004
Swedish Medical Center ,Seattle,161,"Monday, March 22, 2004",1/21/2004
Experience Music Project ,Seattle,150,"Monday, March 15, 2004",1/20/2004
"Fujicolor Processing, Inc ",Tukwila,49,"Thursday, February 26, 2004",2/26/2004
Software Spectrum ,Liberty Lake,60,"Thursday, February 05, 2004",1/9/2004
