Company Name,Location,"Employees
Affected","Layoff
Date"
"ALBERTSON'S, LLC",MONROVIA,67,2/20/14
"ALBERTSON'S, LLC",MOORPARK,66,2/20/14
"ALBERTSON'S, LLC",ONTARIO,74,2/20/14
"ALBERTSON'S, LLC",SAN DIEGO,92,2/20/14
"ALBERTSON'S, LLC",WOODLAND HILLS,71,2/20/14
ALLIED BEVERAGES INC,CAMARILLO,139,1/17/14
ALLIED BEVERAGES INC,SYLMAR,139,1/17/14
"ALLIED BEVERAGES, INC",SYLMAR,144,1/17/14
"ALTA BATES SUMMIT MED.CTR.-ALTA 
BATES CAMPUS",BERKELEY,110,3/2/14
"ALTA BATES SUMMIT MEDICAL 
CENTER-HERRICK CAMPUS",BERKELEY,29,3/2/14
"ALTA BATES SUMMIT MEDICAL 
CENTER-SUMMIT CAMPUS",OAKLAND,88,3/2/14
"ALTA BATES SUMMIT MEDICAL 
CENTER-SUMMIT CAMPUS",OAKLAND,1,4/7/14
"ALTA BATES SUMMIT MEIDCAL 
CENTER - SUMMIT CAMPUS",OAKLAND,11,2/16/14
ALTA RESOURCES,BREA,52,1/15/14
AMGEN (THOUSAND OAKS),THOUSAND OAKS,252,4/30/14
AMMEX ENTERTAINMENT INC.,LOS ANGELES,169,2/6/14
APPLIED MATERIALS INC,SANTA CLARA,2,1/19/14
APPLIED MATERIALS INC,SUNNYVALE,2,1/19/14
"APPLIED MATERIALS, INC. - GARRETT 
DRIVE",SANTA CLARA,1,5/18/14
"APPLIED MATERIALS, INC. -OAKMEAD 
VILLAGE DRIVE",SANTA CLARA,2,5/18/14
"APPLIED MATERIALS, INC.-SCOTT 
BOULEVARD",SANTA CLARA,4,5/18/14
ARVATO,VALENCIA,3,1/3/14
ARVATO,VALENCIA,49,2/7/14
ARVATO,VALENCIA,30,3/7/14
ARVATO,VALENCIA,28,5/2/14
ARVATO,VALENCIA,30,6/14/14
ARVATO,VALENCIA,10,7/8/14
"ASPLUNDH CONSTRUCTION, CORP.",NORWALK,83,2/1/14
"ASTEC AMERICA, LLC",CARLSBAD,40,6/28/14
ATLANTIC EXPRESS OF CALIFORNIA,LONG BEACH,149,1/31/14
"ATLANTIC EXPRESS OF L.A., INC",LOS ANGELES,307,1/21/14
"ATOS IT SOLUTIONS AND SERVICES, 
INC.",IRVINE,1,2/28/14
"ATOS IT SOLUTIONS AND SERVICES, 
INC.",IRVINE,1,2/28/14
"ATOS IT SOLUTIONS AND SERVICES, 
INC.",WALNUT CREEK,1,2/28/14
"AVIAT U.S., INC",SANTA CLARA,62,3/28/14
AVNET INTEGRATED,SIMI VALLEY,3,2/28/14
BAE SYSTEMS,SAN FRANCISCO,200,1/16/14
BAE SYSTEMS,SAN FRANCISCO,196,3/16/14
BANK OF AMERICA,SIMI VALLEY,30,5/11/14
BANK OF AMERICA - LOS ANGELES,LOS ANGELES,57,4/13/14
BANK OF AMERICA-BREA,BREA,24,1/19/14
BANK OF AMERICA-CONCORD,CONCORD,71,4/13/14
"BANK OF AMERICA-LEGACY ASSET 
SERVICING UNIT",SIMI VALLEY,117,1/19/14
BANK OF AMERICA-PASADENA,PASADENA,153,4/13/14
BANK OF AMERICA-SIMI VALLEY,SIMI VALLEY,44,1/19/14
BANK OF AMERICA-SIMI VALLEY,SIMI VALLEY,77,4/13/14
BANK OF AMERICA-WEST HILLS,WEST HILLS,49,1/19/14
"BANK OF AMERICA-WESTLAKE 
VILLAGE",WESTLAKE VILLAGE,13,1/19/14
BAXTER HEALTHCARE CORPORATION,IRVINE,74,1/24/14
"BAY AREA NEWS GROUP-SHARED 
SERVICES CENTER",SAN RAMON,55,5/12/14
BAYER HEALTH CARE,SUNNYVALE,6,1/21/14
BAYER HEALTH CARE,SUNNYVALE,34,2/4/14
BAYER HEALTH CARE,SUNNYVALE,8,5/27/14
"BAYER HEALTHCARE, LLC",SUNNYVALE,10,4/30/14
"BBB INDUSTRIES, LLC",STOCKTON,241,5/17/14
BELL GARDENS MCDONALD'S,BELL GARDENS,69,4/21/14
BELLFLOWER MEDICAL CENTER,BELLFLOWER,18,2/15/14
"BEST OPPORTUNITIES, INC.",BARSTOW,17,3/1/14
"BEST OPPORTUNITIES, INC.",BARSTOW,38,3/1/14
"BEST OPPORTUNITIES, INC.",BARSTOW,21,3/1/14
"BEST OPPORTUNITIES, INC.",BARSTOW,22,3/1/14
BIMBO BAKERIES USA,VERNON,160,3/28/14
"BIMBO BAKERIES USA, INC.",OAKLAND,160,3/3/14
"BLUE CHIP RECYCLING, LLC",PICO RIVERA,90,2/21/14
"BLUE CHIP TPM, LLC",TRACY,72,4/30/14
"BLUE CHIP TPM, LLC",WEST SACRAMENTO,27,1/31/14
BOEING,EL SEGUNDO,27,1/1/14
BOEING,EL SEGUNDO,4,2/21/14
BOEING,HUNTINGTON BEACH,51,1/1/14
BOEING,HUNTINGTON BEACH,18,2/21/14
BOEING,LONG BEACH,27,1/1/14
BOEING,LONG BEACH,2,2/21/14
BOEING COMPANY,EL SEGUNDO,3,1/24/14
BOEING COMPANY,EL SEGUNDO,7,4/4/14
BOEING COMPANY,HUNTINGTON BEACH,25,1/24/14
BOEING COMPANY,HUNTINGTON BEACH,14,3/21/14
BOEING COMPANY,HUNTINGTON BEACH,22,4/4/14
BOEING COMPANY,HUNTINGTON BEACH,34,4/4/14
BOEING COMPANY,LONG BEACH,4,1/24/14
BOEING COMPANY,LONG BEACH,3,2/7/14
BOEING COMPANY,LONG BEACH,2,3/21/14
BOEING COMPANY,LONG BEACH,1,4/4/14
BOEING COMPANY,LONG BEACH,44,4/4/14
BOEING COMPANY-EL SEGUNDO,EL SEGUNDO,21,5/26/14
BOEING COMPANY-EL SEGUNDO,EL SEGUNDO,13,6/20/14
"BOEING COMPANY-HUNTINGTON 
BEACH",HUNTINGTON BEACH,52,5/26/14
"BOEING COMPANY-HUNTINGTON 
BEACH",HUNTINGTON BEACH,74,6/20/14
BOEING COMPANY-LONG BEACH,LONG BEACH,4,5/26/14
BOEING COMPANY-LONG BEACH,LONG BEACH,16,6/20/14
"BRIDGEPOINT EDUCATION, INC.",SAN DIEGO,15,3/31/14
"BRIDGEPOINT EDUCATION, INC.",SAN DIEGO,33,3/31/14
"BRIDGEPOINTEDUCATION, INC.",SAN DIEGO,43,3/31/14
"BROOKSHIRE TOOL & MFG. COMPANY 
INC",SOUTH GATE,90,1/10/14
"BUERGE FORD & BUERGE CHRYSLER 
JEEP DODGE RAM",LOS ANGELES,125,3/8/14
"CADENCE DESIGN SYSTEMS, INC.",SAN JOSE,60,1/4/14
"CALIFORNIA AUTO MART GROUP, INC",LOS ANGELES,108,6/8/14
CALIFORNIA PIZZA KITCHEN,IRVINE,68,6/15/14
"CARANYTHING.COM, INC.",ROSEVILLE,99,4/14/14
CAREFUSION,ONTARIO,131,5/2/14
CENTRAL PARKING CORPORATION,NEWPORT BEACH,82,5/10/14
"CERTIFIED NETWORK M, INC.",BELL,211,3/31/14
CHROMALLOY,GARDENA,79,9/30/14
"CLASSIC CARTAGE TRUCKING 
CORPORATION",SYLMAR,13,1/17/14
"COMMUNITY DEVELOMENT 
INSTITUTE-HEAD START",ENCINITAS,35,6/6/14
"COMMUNITY DEVELOPMENT 
INSTITUTE-HEAD START",SOLANO BEACH,13,6/6/14
"CONTINENTAL MARITIME OF SAN 
DIEGO",SAN DIEGO,152,4/18/14
"COOPER B-LINE, INC.",CORONA,51,4/4/14
CORELOGIC TAX SERVICES,SIMI VALLEY,81,3/31/14
COVIDIEN DISTRIBUTION CENTER,ONTARIO,9,1/10/14
COVIDIEN DISTRIBUTION CENTER,ONTARIO,13,3/28/14
COVIDIEN DISTRIBUTION CENTER,ONTARIO,11,5/30/14
COVIDIEN DISTRIBUTION CENTER,ONTARIO,30,6/27/14
COVIDIEN DISTRIBUTION CENTER,ONTARIO,5,7/25/14
"COX COMMUNICATIONS-RANCHO 
SANTA MARGARITA","RANCHO SANTA 
MARGARI",154,5/4/14
COX COMMUNICATIONS-SAN DIEGO,SAN DIEGO,505,8/31/14
CUDAHY MCDONALD'S,CUDAHY,49,4/21/14
DELUXE LABORATORIES,LOS ANGELES,237,5/9/14
DENDREON CORPORATION,SEAL BEACH,62,1/16/14
"DEPENDABLE AUTO SHIPPERS, INC",GARDENA,10,5/1/14
"DIGNIFIED TRANSITION SOLUTIONS-
WESTLAKE VILLAGE",WESTLAKE VILLAGE,82,5/16/14
DIRECTV,HESPERIA,80,5/19/14
DISNEY INTERACTIVE-GLENDALE,GLENDALE,133,3/6/14
DISNEY INTERACTIVE-PALO ALTO,PALO ALTO,143,3/6/14
EDISON MISSION ENERGY,SANTA ANA,92,3/31/14
EL CAMINO HOSPITAL,MOUNTAIN VIEW,48,4/1/14
EL CAMINO HOSPITAL,SAN JOSE,35,1/1/14
"ELITE LINE SERVICES, LLC",SAN FRANCISCO,60,5/31/14
"EMANUAL MED CTR-BRANDEL MANOR 
& CYPRESS OF EMANUAL",TURLOCK,178,1/27/14
EMANUAL MEDICAL CENTER,TURLOCK,1166,1/27/14
"EMANUEL MEDICAL CENTER, 
JESSICA'S HOUSE",TURLOCK,6,1/27/14
"EMANUEL MEDICAL CENTER, OFFICE 
OF DEVELOPMENT",TURLOCK,4,1/27/14
EXIDE TECHNOLOGIES,VERNON,124,6/20/14
FIT ATHLETIC CLUB,SAN DIEGO,32,6/1/14
"FOLSOM CHRYSLER, JEEP, DODGE",FOLSOM,95,5/4/14
FRESNO LOGISTICS LLC,FRESNO,76,5/31/14
"FULL STEAM STAFFING-BBB 
INDUSTRIES",STOCKTON,203,5/17/14
"FUTURE FOAM, INC.",POMONA,40,3/10/14
"G2 SECURE STAFF, LLC",LOS ANGELES,111,5/14/14
GAF,FRESNO,31,1/20/14
GAF,FRESNO,6,2/14/14
GAF,FRESNO,2,2/21/14
GAF,FRESNO,11,3/21/14
GAF,FRESNO,3,4/4/14
"GENPACT MORTAGE SERVICES, INC.",IRVINE,81,2/17/14
GILLY HICKS,ARCADIA,102,1/5/14
GILLY HICKS,ROSEVILLE,83,1/5/14
GILLY HICKS,VALENCIA,66,1/19/14
HILTON SAN BERNARDINO,SAN BERNARDINO,112,6/4/14
HOG ISLAND OYSTER BAR,SAN FRANCISCO,32,1/15/14
HOLLYWOOD PARK CASINO,INGLEWOOD,343,3/23/14
HSBC,POMONA,39,6/15/14
"HYUNDAI CAPITAL AMERICA (IRVINE 
OPERATIONS CTR)",IRVINE,72,3/31/14
"HYUNDAI CAPITAL AMERICA (IRVINE 
OPERATIONS CTR)",IRVINE,13,6/30/14
"IFCO SYSTEMS US, LLC-RANCHO 
CUCAMONGA FACILITY","RANCHO 
CUCAMONGA",159,4/21/14
INTERNATIONAL WINDOW COMPANY,HAYWARD,84,5/8/14
INTUIT INC,MOUNTAIN VIEW,7,1/3/14
INTUIT INC,SAN DIEGO,1,1/3/14
INTUIT INC,WESTLAKE VILLAGE,1,1/3/14
"INVESTOR'S BUSINESS DAILY, INC.",LOS ANGELES,2,2/14/14
ITT CANNON LLC,SANTA ANA,22,5/16/14
JOE'S WESTLAKE RESTAURANT INC,DALY CITY,105,1/26/14
JP MORGAN CHASE,CHATSWORTH,179,4/21/14
JPMORGAN CHASE,IRVINE,168,3/10/14
KARL STRAUSS BREWING COMPANY,SAN DIEGO,67,2/3/14
"KIDS LINE, LLC",SOUTH GATE,50,1/1/14
KINGSTON TECHNOLOGY,FOUNTAIN VALLEY,5,1/17/14
"KOHL'S DEPARTMENT STORES, INC.",MILLBRAE,73,4/5/14
"L.A. METROPOLITAN MEDICAL 
CENTER",LOS ANGELES,18,3/28/14
"L.A. METROPOLITAN MEDICAL 
CENTER-HAWTHORNE CAMPUS",HAWTHORNE,4,3/28/14
"LA MIRADA RESTAURANT GROUP - 
RED ROBIN",LA MIRADA,72,1/5/14
LABCORP,IRVINE,1,1/31/14
"LABCORP/ESOTERIX GENETICS 
LABORATORIES, LLC",MONROVIA,63,7/11/14
LEVI STRAUSS & CO,SAN FRANCISCO,196,5/26/14
LEXISNEXIS,SACRAMENTO,65,3/31/14
LIFESCAN INC,MILPITAS,49,1/17/14
"LIFESCAN, INC.",MILPITAS,9,3/28/14
"LIFESCAN, INC.",MILPITAS,4,4/11/14
"LIFESCAN, INC.",MILPITAS,14,6/20/14
LOCKHEED MARTIN,SUNNYVALE,105,3/31/14
LOCKHEED MARTIN CORPORATION,PALMDALE,11,6/5/14
LOCKHEED MARTIN CORPORATION,PALMDALE,28,6/10/14
LOCKHEED MARTIN CORPORATION,PALMDALE,9,6/27/14
LOCKHEED MARTIN CORPORATION,PALMDALE,25,7/11/14
LOCKHEED MARTIN CORPORATION,SUNNYVALE,86,5/31/14
"LOEHMANN'S, INC.",COSTA MESA,68,2/28/14
"LOEHMANN'S, INC.",LOS ANGELES,92,2/28/14
LOS ALAMITOS MCDONALD'S,LOS ALAMITOS,90,4/21/14
MACYS DISTRIBUTION CENTER,CITY OF INDUSTRY,63,3/13/14
"MARC ECKO ENTERPRISE DIRECT 
LLC-MODESTO",MODESTO,12,4/18/14
"MARC ECKO ENTERPRISES DIRECT 
LLC - FOLSOM",FOLSOM,13,4/18/14
"MARC ECKO ENTERPRISES DIRECT 
LLC-CAMARILLO",CAMARILLO,13,4/18/14
"MARC ECKO ENTERPRISES DIRECT 
LLC-FRESNO",FRESNO,8,4/18/14
"MARC ECKO ENTERPRISES DIRECT 
LLC-GILROY",GILROY,23,4/18/14
"MARC ECKO ENTERPRISES DIRECT 
LLC-MILPITAS",MILPITAS,13,4/18/14
"MARC ECKO ENTERPRISES DIRECT 
LLC-ONTARIO",ONTARIO,15,4/18/14
"MARC ECKO ENTERPRISES DIRECT 
LLC-TULARE",TULARE,18,4/18/14
"MATTEL, INC.",EL SEGUNDO,128,3/25/14
MCDONALDS (DELTA TERMINAL #5),LOS ANGELES,68,1/31/14
MENZIES AVIATION LAX,LOS ANGELES,102,4/1/14
"MICROCELL COMMUNICATIONS, INC",COMMERCE,32,3/23/14
"MINDSPEED TECHNOLOGIES, INC.",NEWPORT BEACH,51,1/17/14
"MOARK, LLC",ADELANTO,16,1/10/14
"MOTION PICTURE TELEVISION FUND-
BOB HOPE HEALTH CTR",LOS ANGELES,20,6/1/14
"MOTION PICTURE TELEVISION FUND-
SANTA CLARITA",VALENCIA,24,6/1/14
"MOTION PICTURE TELEVISION FUND-
TOLUCA LAKE",BURBANK,71,6/1/14
"MOTION PICTURE TELEVISION FUND-
WASSERMAN CAMPUS",WOODLAND HILLS,182,6/1/14
"MOTION PICTURE TELEVISION FUND-
WESTSIDE HEALTH",LOS ANGELES,18,6/1/14
MULTIGEN DIAGNOSTICS INC.,SAN DIEGO,3,4/1/14
"NATIONAL BEEF CALIFORNIA, LP",BRAWLEY,1342,5/30/14
"NATIONAL CARRIERS, INC.",BRAWLEY,18,5/30/14
NBC UNIVERSAL MEDIA LLC,LOS ANGELES,2,1/6/14
"NBC UNIVERSAL MEDIA-FOOD SVCS 
UNIVERSAL COMMISARY",UNIVERSAL CITY,60,5/27/14
NBCUNIVERSAL MEDIA LLC,BURBANK,164,2/14/14
NBCUNIVERSAL MEDIA LLC,LOS ANGELES,4,2/3/14
"NETAPP, INC.",SUNNYVALE,164,5/11/14
NEWPORT SPECIALTY HOSPITAL,TUSTIN,147,2/15/14
"NEXTAG, INC.",SAN MATEO,45,6/2/14
"NORDSTROMS RACK AT LONG BEACH 
CITYPLACE",LONG BEACH,43,1/20/14
"NORTHROP GRUMMAN 
CORPORATION",FORT IRWIN,860,3/31/14
NORTHRUP GRUMMAN,FORT IRWIN,50,6/10/14
NOVARTIS PHARMACEUTICALS,SAN CARLOS,10,6/30/14
"NOVARTIS VACCINES & DIAGNOSIS 
INC",EMERYVILLE,167,2/28/14
"OASIS REHABILITATION CENTER, INC.",INDIO,105,7/1/14
OMNICARE INC,LOS ALAMITOS,99,1/14/14
ONE CALL CARE MANAGEMENT,SAN MARCOS,70,3/31/14
OPTIMER PHARMACEUTICALS INC,SAN DIEGO,3,1/31/14
OPTIMER PHARMACEUTICALS INC,SAN DIEGO,21,2/28/14
"ORI SERVICES CORP-SPAWAR 
SYSTEMS CENTER PACIFIC",SAN DIEGO,75,5/15/14
P.F.CHANGS CHINA BISTRO,SAN JOSE,66,1/26/14
PACIFIC CHEESE COMPANY,HAYWARD,54,5/2/14
PACIFIC MERCANTILE BANK,COSTA MESA,95,2/14/14
"PACKERS SANITATION SERVICES, INC 
- PSSI",BRAWLEY,111,4/10/14
"PAE APPLIED TECHNOLOGIES LLC, 
U.S.NAVY CONTRACT",CHINA LAKE,6,2/24/14
"PAE APPLIED TECHNOLOGIES LLC-
U.S.NAVY CONTRACT",POINT MUGU,6,2/24/14
"PALM DR.HOSPITAL/PALM 
DR.HAND&PHYSICAL THERAPY",SEBASTOPOL,242,5/28/14
"PALO ALTO MEDICAL FOUNDATION-
SUTTER HEALTH",MOUNTAIN VIEW,2,3/10/14
"PEREGRINE SEMICONDUCTOR 
CORPORATION",SAN DIEGO,50,1/30/14
PHOENIX BIG CINEMAS - FREMONT,FREMONT,8,4/10/14
PKL SERVICES,CAMP PENDLETON,37,2/4/14
POMONA VALLEY HOSPITAL,PONOMA,146,3/17/14
"POMONA VALLEY HOSPITAL-
BUSINESS OFFICE",PONOMA,30,3/17/14
"POMONA VALLEY HOSPITAL-MAIN 
HOSPITAL",PONOMA,3,3/17/14
"POMONA VALLEY HOSPITAL-POMONA 
VLY HEALTH CTR",PONOMA,3,3/17/14
"POMONA VALLEY HOSPITAL-REG. 
KIDNEY STONE CTR",PONOMA,4,3/17/14
"POMONA VALLEY HOSPITAL-
REGIONAL KIDNEY STONE CTR",PONOMA,1,3/17/14
"PORTFOLI HOTELS & RESORTS-
HARVEST INN",SAINT HELENA,53,1/23/14
"PORTFOLIO HOTELS & RESORTS-
DOUBLETREE HILTON LAX",EL SEGUNDO,90,1/7/14
"PSS WORLD MEDICAL-MCKESSON 
CORPORATION",SANTA ANA,8,1/15/14
QLOGIC CORPORATION,ALISO VIEJO,64,5/12/14
QUAD/GRAPHICS INC.,POMONA,25,4/3/14
"RADIOLOGICAL ASSOCIATES OF 
SACRAMENTO (RAS)",AUBURN,15,1/31/14
"RADIOLOGICAL ASSOCIATES OF 
SACRAMENTO (RAS)",SACRAMENTO,2,1/31/14
"RADIOLOGICAL ASSOCIATES OF 
SACRAMENTO (RAS)",SACRAMENTO,25,1/31/14
"RADIOLOGICAL ASSOCIATES OF 
SACRAMENTO (RAS)",SACRAMENTO,10,1/31/14
RALEYS,REDDING,61,4/26/14
RALPHS GROCERY COMPANY,CASTAIC,58,3/7/14
RALPHS GROCERY COMPANY,MURRIETA,49,3/7/14
RALPHS GROCERY COMPANY,ORANGE,50,6/16/14
RALPHS GROCERY COMPANY,RESEDA,55,1/17/14
"RAS-CAPITAL PET & NUCLEAR 
MEDICINE",SACRAMENTO,11,1/31/14
RAS-CAPITOL IMAGING,SACRAMENTO,45,1/31/14
RAS-CAPITOL IMAGING IR DEPT,SACRAMENTO,21,1/31/14
RAS-CARMICHAEL IMAGING,CARMICHAEL,22,1/31/14
RAS-FOLSOM IMAGING I & II,FOLSOM,31,1/31/14
RAS-FORT SUTTER DIAGNOSTIC,SACRAMENTO,4,1/31/14
"RAS-INTERVENTIONAL 
NEURORADIOLOGY CLINIC",SACRAMENTO,2,1/31/14
"RAS-MEDICAL 
RECORDS/SCHEDULING",ROSEVILLE,72,1/31/14
"RAS-RADIATION ONCOLOGY CENTER-
AUBURN",AUBURN,4,1/31/14
"RAS-RADIATION ONCOLOGY CENTER-
CAMERON PARK",CAMERON PARK,4,1/31/14
"RAS-RADIATION ONCOLOGY CENTER-
CARMICHAEL",CARMICHAEL,14,1/31/14
"RAS-RADIATION ONCOLOGY CENTER-
ROSEVILLE",ROSEVILLE,10,1/31/14
"RAS-RADIATION ONCOLOGY CENTER-
SACRAMENTO",SACRAMENTO,91,1/31/14
"RAS-RADIATION ONCOLOGY CENTER-
VACAVILLE",VACAVILLE,3,1/31/14
RAS-RAS MRI AT SRMC,ROSEVILLE,2,1/31/14
RAS-ROSEVILLE IMAGING,ROSEVILLE,61,1/31/14
"RAS-ROSEVILLE PET & NUCLEAR 
MEDICINE IMAGING",ROSEVILLE,11,1/31/14
RAS-SOUTH IMAGING,SACRAMENTO,23,1/31/14
RAS-TELERAS,ROSEVILLE,9,1/31/14
"RAS-VASCULAR AND VARICOSE VEIN 
CENTER",ROSEVILLE,18,1/31/14
"RAYTHEON COMPANY-SECURE 
INFORMATION SYSTEMS (SIS)",TORRANCE,4,5/12/14
"REDWOOD REGIONAL MEDICAL 
GROUP, INC.",LAKEPORT,15,4/1/14
"REDWOOD REGIONAL MEDICAL 
GROUP, INC.",NAPA,16,4/1/14
"REDWOOD REGIONAL MEDICAL 
GROUP, INC.",PETALUMA,10,4/1/14
"REDWOOD REGIONAL MEDICAL 
GROUP, INC.",SANTA ROSA,73,4/1/14
"REDWOOD REGIONAL MEDICAL 
GROUP, INC.",SANTA ROSA,50,4/1/14
"REDWOOD REGIONAL MEDICAL 
GROUP, INC.",SANTA ROSA,4,4/1/14
"REDWOOD REGIONAL MEDICAL 
GROUP, INC.",SANTA ROSA,9,4/1/14
"REDWOOD REGIONAL MEDICAL 
GROUP, INC.",SANTA ROSA,3,4/1/14
"REDWOOD REGIONAL MEDICAL 
GROUP, INC.",SANTA ROSA,6,4/1/14
"REDWOOD REGIONAL MEDICAL 
GROUP, INC.",SANTA ROSA,70,4/1/14
"REDWOOD REGIONAL MEDICAL 
GROUP, INC.",UKIAH,5,4/1/14
RICON,PANORAMA CITY,42,2/1/14
RICON,PANORAMA CITY,25,3/1/14
RICON,PANORAMA CITY,20,5/1/14
"RIVERSIDE DENTAL-THE DOCTOR 
GROUP",CORONA,33,2/28/14
"RIVERSIDE DENTAL-THE DOCTOR 
GROUP",PALM DESERT,21,2/28/14
"RIVERSIDE DENTAL-THE DOCTOR 
GROUP",RIVERSIDE,9,2/28/14
"RIVERSIDE DENTAL-THE DOCTOR 
GROUP",RIVERSIDE,43,2/28/14
"RIVERSIDE DENTAL-THE DOCTOR 
GROUP",RIVERSIDE,3,2/28/14
"RIVERSIDE DENTAL-THE DOCTOR 
GROUP",RIVERSIDE,21,2/28/14
"RIVERSIDE DENTAL-THE DOCTOR 
GROUP",TEMECULA,9,2/28/14
"RIVERSIDE DENTAL-THE DOCTORS 
GROUP",MORENO VALLEY,23,2/28/14
SALIX PHARMACEUTICALS,SAN DIEGO,200,3/6/14
SAN DIEGO OPERA,SAN DIEGO,11,1/14/14
SAN DIEGO OPERA,SAN DIEGO,26,4/14/14
SAN DIEGO OPERA,SAN DIEGO,4,4/14/14
SAN DIEGO OPERA ASSOCIATION,SAN DIEGO,41,4/14/14
SEDGWICK LLP,SAN FRANCISCO,75,10/1/14
"SELECT STAFFING @ DIGNIFIED 
TRANSITION SOLUTIONS",WESTLAKE VILLAGE,101,5/16/14
SENIOR OPERATIONS LLC,CHINO,9,1/31/14
SENIOR OPERATIONS LLC,CHINO,63,4/1/14
"SENIOR OPERATIONS, LLC-CAPO 
INDUSTRIES",CHINO,68,4/1/14
SERRA CORPORATION-HAYWARD,HAYWARD,5,5/9/14
SERRA CORPORATION-NEVADA CITY,NEVADA CITY,26,5/9/14
SERRA CORPORATION-SAN JOSE,SAN JOSE,41,5/9/14
SERVICELINK,IRVINE,67,6/13/14
SERVICELINK,MCCLELLAN AFB,97,4/13/14
"SHERATON LOS ANGELES 
DOWNTOWN",LOS ANGELES,15,6/22/14
"SHERATON LOS ANGELES 
DOWNTOWN HOTEL",LOS ANGELES,27,5/18/14
"SHIRE REGENERATIVE MEDICINE-
TORREY PINES SITE",LA JOLLA,196,3/18/14
"SHIRE REGENERATIVE MEDICINE-
TORREYANA SITE",SAN DIEGO,105,3/18/14
"SISTERS OF THE COMPANY OF MARY 
OUR LADY",LOS ANGELES,5,6/20/14
"SOLARWORLD INDUSTRIES AMERICA 
INC.",CAMARILLO,59,2/7/14
"SOLTA MEDICAL, INC",HAYWARD,115,1/24/14
"SOLTA MEDICAL, INC.",HAYWARD,116,3/23/14
"SONY COMPUTER ENTERTAINMENT 
AMERICA LLC",SANTA MONICA,40,2/25/14
"SONY ELECTRONICS, INC.-SAN DIEGO",SAN DIEGO,400,5/2/14
"SONY ELECTRONICS, INC.-SAN JOSE",SAN JOSE,50,5/2/14
"SONY PICTURES ENTERTAINMENT 
INC",CULVER CITY,206,6/2/14
"SONY PICTURES ENTERTAINMENT 
INC",CULVER CITY,10,6/2/14
SOUTHERN CA EDISON-SONGS,SAN CLEMENTE,13,1/17/14
SPRINT CUSTOMER SERVICE CENTER,RANCHO CORDOVA,245,3/18/14
"SQUAW VALLEY SKI HOLDING, LLC-
ALPINE MEADOWS",TAHOE CITY,34,4/28/14
"SQUAW VALLEY SKI HOLDINGS, LLC-
SQUAW VALLEY",OLYMPIC VALLEY,257,4/28/14
ST.JOSEPH HOSPITAL,ORANGE,152,3/7/14
"STARWOOD HOTELS & RESORTS 
WORLDWIDE-LANCASTER",LANCASTER,380,3/31/14
"STONYFIELD FARM, INC.",ANTIOCH,58,4/1/14
"SUTTER EAST BAY HOSP-BATES 
SUMMIT MED CTR",OAKLAND,1,1/6/14
"SUTTER HEALTH(ABSMC)-
PROVIDENCE PAVILLION CAMPUS",OAKLAND,6,5/12/14
"SUTTER HEALTH-ALTA BATES MED 
CTR-ALTA BATES CAMPUS",BERKELEY,23,1/10/14
"SUTTER HEALTH-ALTA BATES MED 
CTR-HERRICK CAMPUS",BERKELEY,1,1/10/14
"SUTTER HEALTH-ALTA BATES MED 
CTR-SUMMIT CAMPUS",OAKLAND,96,1/10/14
"SUTTER HEALTH-ALTA BATES 
SUMMIT MEDICAL CENTER",OAKLAND,22,3/7/14
"SUTTER HEALTH-ALTA BATES 
SUMMIT MEDICAL CENTER",SAN FRANCISCO,6,3/7/14
"SUTTER HEALTH/ABSMC - SUMMIT 
CAMPUS",OAKLAND,2,6/14/14
"SUTTER HEALTH/SUTTER AMADOR 
HOSPITAL",JACKSON,4,12/2/14
SYMANTEC CORPORATION,MOUNTAIN VIEW,42,6/2/14
TARGET,CHULA VISTA,117,2/1/14
THE BOEING COMPANY- LONG BEACH,LONG BEACH,46,4/18/14
THE BOEING COMPANY-EL SEGUNDO,EL SEGUNDO,15,4/18/14
"THE BOEING COMPANY-HUNTINGTON 
BEACH",HUNTINGTON BEACH,67,4/18/14
"THE FAT COW, FCLA LP",LOS ANGELES,92,3/28/14
THE FIT ATHLETIC CLUB,SOLANO BEACH,50,5/1/14
THE FRESH MARKET - STORE #152,ROSEVILLE,59,5/6/14
THE FRESH MARKET- STORE #167,SACRAMENTO,63,5/6/14
THE FRESH MARKET-STORE #173,ELK GROVE,63,5/6/14
"THE HUNTINGTON HOTEL & NOB HILL 
SPA",SAN FRANCISCO,115,1/6/14
THE OUTDOOR CHANNEL,TEMECULA,45,4/11/14
"THE RITZ-CARLTON, SAN FRANCISCO",SAN FRANCISCO,86,6/21/14
"THE RITZ-CARLTON,LAKE TAHOE-
MARRIOTT INTERNATIONAL",TRUCKEE,258,4/21/14
TIME WARNER CABLE,CYPRESS,72,2/3/14
"TOPA MANAGEMENT COMAPANY-
SIERRA VILLA",LANCASTER,2,3/31/14
"TOPA MANAGEMENT COMAPANY-
VILLAGE CENTER",ANAHEIM,3,6/30/14
"TOPA MANAGEMENT COMAPNY-
CORPORATE",LOS ANGELES,5,6/30/14
"TOPA MANAGEMENT COMPANY-
AUBURN VILLA",AUBURN,2,6/30/14
"TOPA MANAGEMENT COMPANY-
CORPORATE",LOS ANGELES,1,3/31/14
"TOPA MANAGEMENT COMPANY-
HAMMER LANE",STOCKTON,4,6/30/14
"TOPA MANAGEMENT COMPANY-
HUNTINGTON VILLA YORBA",HUNTINGTON BEACH,5,6/30/14
"TOPA MANAGEMENT COMPANY-
LAKESHORE VILLA",SAN DIEGO,2,3/31/14
"TOPA MANAGEMENT COMPANY-
RANCHERIA DEL SOL",PALM SPRINGS,2,6/30/14
"TOPA MANAGEMENT COMPANY-
SHERWOOD VILLA",VICTORVILLE,2,3/31/14
"TOPA MANAGEMENT COMPANY-
SULLIVAN MANOR",SANTA ANA,2,6/30/14
"TOPA MANAGEMENT COMPANY-
WILLOW VILLAGE",RIALTO,4,3/31/14
"TRACFONE WIRELESS, INC.",IRVINE,7,1/16/14
"TRANSFIELD SERVICES MNGMNT 
(CARSON OPERATIONS)",CARSON,126,2/14/14
TRANSTAR INDUSTRIES INC,"RANCHO 
CUCAMONGA",56,6/10/14
"TRIUS THERAPEUTICS, INC.",SAN DIEGO,26,3/31/14
"U.S. AVIATION SERVICES CORP-LA 
INTNTL AIRPORT",LOS ANGELES,237,5/1/14
"UNITED AIRLINES, INC.",LOS ANGELES,78,4/1/14
"UNITED AIRLINES, INC.",SAN FRANCISCO,164,4/1/14
"UNITED SPIRAL PIPE, LLC",PITTSBURG,50,2/16/14
UPS-NORTH BAY(RICHMOND) HUB,RICHMOND,1073,3/1/14
USS-POSCO,PITTSBURG,690,1/14/14
UTC AEROSPACE SYSTEMS,CHULA VISTA,69,2/11/14
"VALENCIA K, LLC DBA VALENCIA KIA",VALENCIA,40,5/5/14
VALMARK INTERFACE SOLUTIONS,LIVERMORE,46,3/31/14
VERIZON WIRELESS-FOLSOM,FOLSOM,346,7/5/14
VERIZON WIRELESS-IRVINE,IRVINE,1092,5/8/14
"VOSE TECHNICAL SYSTEMS, INC.",FORT IRWIN,59,3/31/14
"WALLENIUS WILHELMSEN LOGISTICS 
AMERICUS, LLC",WILMINGTON,158,4/19/14
WEBSENSE,SAN DIEGO,194,5/5/14
WELLS FARGO,SAN BERNARDINO,9,1/12/14
WEST COVINA TOYOTA SCION,WEST COVINA,100,6/8/14
ZYNGA INC.,SAN FRANCISCO,194,1/30/14
ZYNGA INC.,SAN FRANCISCO,194,1/30/14
ZYNGA INC.,SANTA CLARA,1,1/30/14
ZYNGA INC.,SANTA CLARA,1,1/30/14
ZYNGA INC.,SANTA CLARA,5,1/30/14
"ACTAVIS, INC. (FORMERLY WATSON 
PHARMACEUTICALS)",CORONA,15,7/1/13
"AERO-ELECTRIC, INC (CONESYS)",TORRANCE,142,5/9/13
"AEROTEK, INC.",OXNARD,164,8/17/13
"AFFYMAX, INC",PALO ALTO,227,5/18/13
ALBERTSONS,LONG BEACH,62,2/10/13
ALBERTSONS,SANTA MONICA,56,2/6/13
ALBERTSONS,SANTA MONICA,56,2/6/13
ALERE,SAN DIEGO,97,9/25/13
"ALL STATE PROMOTIONS, INC",CONCORD,104,1/31/13
"ALL STATE PROMOTIONS, INC",LONG BEACH,85,1/31/13
"ALL STATE PROMOTIONS, INC",SAN DIEGO,33,1/31/13
ALTA RESOURCES,BREA,113,4/28/13
"AMERICAN AUTOMOBILE 
ASSOCIATION (AAA)",EL CERRITO,7,3/11/13
"AMERICAN AUTOMOBILE 
ASSOCIATION (AAA)",SAN BRUNO,6,3/11/13
"AMERICAN AUTOMOBILE 
ASSOCIATION (AAA)",SAN JOSE,6,3/11/13
"AMERICAN AUTOMOBILE 
ASSOCIATION (AAA)",SAN JOSE,7,3/11/13
"AMERICAN AUTOMOBILE 
ASSOCIATION (AAA)",SAN LEANDRO,8,3/11/13
"AMERICAN AUTOMOTIVE 
ASSOCIATION (AAA)",UNION CITY,7,3/11/13
"AMERICAN MEDICAL RESPONSE 
WEST-NON-EMERGENCY IFT",BURLINGAME,43,12/13/13
"AMERICAN MEDICAL RESPONSE 
WEST-NON-EMERGENCY IFT",CONCORD,30,12/13/13
"AMERICAN MEDICAL RESPONSE 
WEST-NON-EMERGENCY IFT",SAN RAFAEL,34,12/13/13
"AMERICAN SUZUKI MOTOR 
CORPORATION",BREA,187,3/14/13
AMGEN INC,THOUSAND OAKS,68,12/31/13
AMGEN(THOUSAND OAKS),THOUSAND OAKS,157,4/30/13
AMS FULFILLMENT,VALENCIA,200,6/14/13
"ANATOMIC HOLDINGS AND ANATOMIC 
OPERATIONS, INC",CORONA,41,4/17/13
ANDREWS INTERNATIONAL LLC,CUPERTINO,66,11/2/13
APPLIED MATERIALS,SANTA CLARA,1,2/13/13
APPLIED MATERIALS,SANTA CLARA,21,2/13/13
APPLIED MATERIALS,SANTA CLARA,21,2/13/13
APPLIED MATERIALS,SANTA CLARA,3,2/13/13
APPLIED MATERIALS,SANTA CLARA,9,2/13/13
APPLIED MATERIALS,SANTA CLARA,11,2/13/13
APPLIED MATERIALS,SUNNYVALE,34,2/13/13
APPLIED MATERIALS INC,SANTA CLARA,3,5/12/13
APPLIED MATERIALS INC,SANTA CLARA,4,5/12/13
APPLIED MATERIALS INC,SANTA CLARA,1,5/12/13
APPLIED MATERIALS INC,SUNNYVALE,1,5/12/13
"APPLIED MATERIALS, INC",SANTA CLARA,3,11/17/13
"APPLIED MATERIALS, INC",SANTA CLARA,6,11/17/13
"APPLIED MATERIALS, INC",SANTA CLARA,4,11/17/13
"APPLIED MATERIALS, INC",SANTA CLARA,11,11/17/13
"APPLIED MATERIALS, INC",SANTA CLARA,4,11/17/13
"APPLIED MATERIALS, INC",SANTA CLARA,8,11/17/13
"APPLIED MATERIALS, INC",SUNNYVALE,5,11/17/13
"APPLIED MATERIALS, INC.",SANTA CLARA,1,8/30/13
"APPLIED MATERIALS, INC.",SANTA CLARA,2,8/30/13
"APPLIED MATERIALS, INC.",SANTA CLARA,2,8/30/13
"ARAMARK HEALTHCARE 
TECHNOLOGIES - PACIFIC HOSP",LONG BEACH,2,10/9/13
"ARAMARK HEALTHCARE-PACIFIC 
HOSP OF LONG BEACH",LONG BEACH,88,10/10/13
"ARAMARK SPORTS & 
ENTERTAINMENT LLC-HONDA 
CENTER",ANAHEIM,568,6/30/13
"ARAMARK SPORTS & 
ENTERTAINMENT-ANGEL STADIUM",ANAHEIM,1088,10/2/13
"ARAMARK SPORTS & 
ENTERTAINMENT-LA CONVENTION 
CTR.",LOS ANGELES,621,12/31/13
ARCHSTONE,SANTA ANA,56,2/25/13
AREVA NP INC,MOUNTAIN VIEW,2,10/22/13
AREVA SOLAR INC,MOUNTAIN VIEW,5,7/16/13
"AREVA SOLAR, INC.",MOUNTAIN VIEW,1,8/27/13
ARVATO DIGITAL SERVICES,VALENCIA,41,2/7/13
"ASIG (AIRCRAFT SERVICE 
INTERNATIONAL GROUP)",LOS ANGELES,90,11/30/13
"AT&T'S GLOBAL BUSINESS 
SOLUTIONS",ANAHEIM,115,4/15/13
"AT&T'S GLOBAL BUSINESS 
SOLUTIONS",TUSTIN,66,4/6/13
ATLANTIC EXPRESS OF CALIFORNIA,LONG BEACH,160,12/31/13
"ATLANTIC EXPRESS OF L.A., INC",LOS ANGELES,307,12/31/13
AVERY PRODUCTS CORPORATION,BREA,75,7/8/13
AVNET INTEGRATED,SIMI VALLEY,68,12/27/13
"AVNET INTEGRATED COMPANY 
(NEXICORE SERVICES)",SIMI VALLEY,108,7/6/13
BAE SYSTEMS,SAN DIEGO,81,7/6/13
BAE SYSTEMS,SAN FRANCISCO,169,2/8/13
BAE SYSTEMS,SAN FRANCISCO,120,4/9/13
BAE SYSTEMS,SAN FRANCISCO,137,6/3/13
BAE SYSTEMS,SAN FRANCISCO,109,7/31/13
BAE SYSTEMS,SAN FRANCISCO,165,9/23/13
BAE SYSTEMS,SAN FRANCISCO,155,11/19/13
BAE SYSTEMS-SAN DIEGO,SAN DIEGO,99,6/6/13
"BAE SYSTEMS-SAN DIEGO SHIP 
REPAIR",SAN DIEGO,302,4/7/13
BANK OF AMERICA,BREA,51,1/29/13
BANK OF AMERICA,CONCORD,37,12/22/13
BANK OF AMERICA,FRESNO,543,8/31/13
BANK OF AMERICA,LANCASTER,61,1/29/13
BANK OF AMERICA,RANCHO CORDOVA,57,4/2/13
BANK OF AMERICA,RANCHO CORDOVA,110,12/22/13
BANK OF AMERICA,SAN JOSE,108,12/22/13
BANK OF AMERICA,SIMI VALLEY,51,1/29/13
"BANK OF AMERICA-LA CHECK AND 
PROOF OPERATIONS",LOS ANGELES,150,5/1/13
BANK OF AMERICAN,CONCORD,52,12/22/13
BAYER HEALTH CARE,SUNNYVALE,6,11/19/13
BAYER HEALTHCARE,MOUNTAIN VIEW,63,8/31/13
BAYER HEALTHCARE LLC,EMERYVILLE,153,6/30/13
BAYER HEALTHCARE LLC,EMERYVILLE,187,9/1/13
"BAYVIEW BERRY FARMS, LLC",OXNARD,89,5/24/13
"BCI COCA-COLA BOTTLING COMPANY 
OF LOS ANGELES",SAN DIEGO,92,11/8/13
BECHTEL POWER CORPORATION,SANTA MARGARITA,40,3/29/13
"BECHTEL POWER CORPORATION 
(CATALINA SOLAR PRJT)",MOJAVE,32,3/3/13
"BECHTEL POWER CORPORATION 
(RUSSEL CTY ENERGY CTR)",HAYWARD,72,3/15/13
BELL-CARTER OLIVE COMPANY,CORNING,150,6/8/13
BERKELEY HEARTLAB,ALAMEDA,19,6/30/13
BERKELEY HEARTLAB,ALAMEDA,32,7/31/13
BERKELEY HEARTLAB,ALAMEDA,28,8/31/13
BERKELEY HEARTLAB,ALAMEDA,1,9/30/13
BERKELEY HEARTLAB,ALAMEDA,3,10/31/13
BERKELEY HEARTLAB,ALAMEDA,1,12/31/13
BERKELEY HEARTLAB,"SOUTH SAN 
FRANCISCO",29,6/30/13
BERKELEY HEARTLAB,"SOUTH SAN 
FRANCISCO",2,7/31/13
BERKELEY HEARTLAB,"SOUTH SAN 
FRANCISCO",2,8/31/13
BERKELEY HEARTLAB,"SOUTH SAN 
FRANCISCO",6,9/30/13
BERKELEY HEARTLAB,"SOUTH SAN 
FRANCISCO",1,10/31/13
BERKELEY HEARTLAB,"SOUTH SAN 
FRANCISCO",8,12/31/13
BIMBO BAKERIES (SUN VALLEY),SUN VALLEY,30,1/1/13
"BIMBO BAKERIES USA, INC",ELK GROVE,112,11/8/13
"BIMBO BAKERIES USA, INC (ANAHEIM)",ANAHEIM,34,1/1/13
"BIMBO BAKERIES USA, INC (EL 
SEGUNDO)",EL SEGUNDO,31,1/1/13
"BLACKBAUD, INC",SAN DIEGO,101,6/30/13
BLUE SHIELD OF CALIFORNIA,EL DORADO HILLS,7,1/16/13
BLUE SHIELD OF CALIFORNIA,EL SEGUNDO,5,1/16/13
BLUE SHIELD OF CALIFORNIA,SAN DIEGO,3,1/16/13
BLUE SHIELD OF CALIFORNIA,SAN FRANCISCO,46,1/16/13
BLUE SHIELD OF CALIFORNIA,SAN JOSE,1,1/16/13
BLUE SHIELD OF CALIFORNIA,WOODLAND HILLS,6,1/16/13
BOEING COMPANY,ANAHEIM,3,9/27/13
BOEING COMPANY,ANAHEIM,1,11/22/13
BOEING COMPANY,EL SEGUNDO,19,10/25/13
BOEING COMPANY,EL SEGUNDO,5,11/22/13
BOEING COMPANY,EL SEGUNDO,1,12/13/13
BOEING COMPANY,HUNTINGTON BEACH,35,4/19/13
BOEING COMPANY,HUNTINGTON BEACH,1,9/27/13
BOEING COMPANY,HUNTINGTON BEACH,31,10/25/13
BOEING COMPANY,HUNTINGTON BEACH,14,11/22/13
BOEING COMPANY,HUNTINGTON BEACH,19,12/13/13
BOEING COMPANY,LONG BEACH,30,10/25/13
BOEING COMPANY,LONG BEACH,2,11/22/13
BOEING COMPANY,LONG BEACH,11,12/13/13
BOEING COMPANY-EL SEGUNDO,EL SEGUNDO,7,9/20/13
BOEING COMPANY-HUNTINGTON BCH,HUNTINGTON BEACH,34,9/20/13
BOEING COMPANY-LONG BEACH,LONG BEACH,10,9/20/13
"BON APPETIT MANAGEMENT 
COMPANY AT CISCO",SAN JOSE,188,3/8/13
"BOSKOVICH FARMS, INC (ADOHR 
RANCH)",CAMARILLO,6,6/15/13
"BRIDGEPOINT EDUCATION, INC.",SAN DIEGO,47,8/19/13
BROADCOM CORPORATION,IRVINE,84,12/20/13
BROADCOM CORPORATION,SAN DIEGO,68,12/20/13
BROADCOM CORPORATION,SAN JOSE,17,12/20/13
BROADCOM CORPORATION,SANTA CLARA,16,12/20/13
BROADCOME CORPORATION,SANTA CLARA,11,12/20/13
BROADCOME CORPORATION,SUNNYVALE,64,12/20/13
"BROCADE COMMUNICATIONS 
SYSTEMS, INC",SAN JOSE,130,11/4/13
"BROOKSHIRE TOOL & MFG. COMPANY 
INC",SOUTH GATE,20,11/8/13
BURRTEC WASTE INDUSTRIES,BARSTOW,10,6/30/13
BURRTEC WASTE INDUSTRIES,BIG BEAR CITY,8,6/30/13
BURRTEC WASTE INDUSTRIES,COLTON,3,6/30/13
BURRTEC WASTE INDUSTRIES,LANDERS,8,6/30/13
BURRTEC WASTE INDUSTRIES,LUCERNE VALLEY,2,6/30/13
BURRTEC WASTE INDUSTRIES,MORONGO VALLEY,1,6/30/13
BURRTEC WASTE INDUSTRIES,"NEWBERRY 
SPRINGS",1,6/30/13
BURRTEC WASTE INDUSTRIES,PHELAN,7,6/30/13
BURRTEC WASTE INDUSTRIES,REDLANDS,11,6/30/13
BURRTEC WASTE INDUSTRIES,RIALTO,30,6/30/13
BURRTEC WASTE INDUSTRIES,RUNNING SPRINGS,12,6/30/13
BURRTEC WASTE INDUSTRIES,SAN BERNARDINO,10,6/30/13
BURRTEC WASTE INDUSTRIES,"TWENTY-NINE 
PALMS",5,6/30/13
BURRTEC WASTE INDUSTRIES,VICTORVILLE,22,6/30/13
"CABLOFIL, INC.",PICO RIVERA,27,9/27/13
"CALIFORNIA CITY CORRECTIONAL 
CENTER",CALIFORNIA CITY,296,11/23/13
"CALIFORNIA MUSHROOM FARM, INC",VENTURA,415,9/10/13
"CALIFORNIA REDWOOD COMPANY-
KORBEL MFG FACILITY",KORBEL,155,3/25/13
"CALIPER LIFE SCIENCES, INC.",ALAMEDA,60,8/27/13
"CALIPER LIFE 
SCIENCES/PERKINELMER HEALTH 
SCIENCES",MOUNTAIN VIEW,47,6/5/13
"CAMPBELL SOUP SUPPLY COMPANY, 
LLC",SACRAMENTO,290,2/1/13
"CAMPBELLS SOUP SUPPLY 
COMPANY, LLC",SACRAMENTO,320,5/1/13
"CAMPBELLS SOUP SUPPLY 
COMPANY, LLC",SACRAMENTO,150,7/1/13
CASCADE LOGISTICS LLC,TRACY,36,5/15/13
CASHCALL INC,ANAHEIM,486,12/1/13
CASHCALL INC,ORANGE,283,12/1/13
"CBNB/MAGELLAN, LLC",CARPINTERIA,24,1/1/13
CEDARS-SINAI MEDICAL CENTER,LOS ANGELES,113,8/3/13
"CENTURY GAMING MNGMNT D/B/A/ 
HOLLYWOOD PARK CASINO",INGLEWOOD,600,3/4/13
"CERADYNE, INC",COSTA MESA,90,7/31/13
CHAMINADE RESORT & SPA,SANTA CRUZ,180,1/1/13
CHEVRON,SAN RAMON,6,6/1/13
CHEVRON,SAN RAMON,394,8/1/13
CHROMALLOY,GARDENA,108,12/31/13
CIRCOR AEROSPACE,SYLMAR,51,4/15/13
CIRQUE DU SOLEIL (IRIS),HOLLYWOOD,105,1/29/13
CISCO SYSTEMS INC,SAN JOSE,899,10/18/13
"CISCO SYSTEMS, INC",SAN JOSE,11,4/22/13
"CISCO SYSTEMS, INC",SAN JOSE,182,5/28/13
"CITIBANK, N.A.",WEST SACRAMENTO,153,6/3/13
CITY NATIONAL BANK,CITY OF INDUSTRY,6,2/15/13
CITY NATIONAL BANK,SAN FRANCISCO,3,2/15/13
CITYGRID MEDIA,WEST HOLLYWOOD,108,8/25/13
"CLIPPER WINDPOWER, LLC",CARPINTERIA,69,1/8/13
"CLIPPER WINDPOWER, LLC.",CARPINTERIA,16,4/30/13
"COCA-COLA BOTTLING COMPANY , 
INC (SAC)",SACRAMENTO,56,6/14/13
"COCA-COLA BOTTLING COMPANY, 
INC",WEST SACRAMENTO,6,6/14/13
"CODA AUTOMOTIVE, INC.",LOS ANGELES,53,7/22/13
"COLLEEN STRAWBERRIES (EKT 
FARMS)",WATSONVILLE,245,4/1/13
COLORADO RIVER MEDICAL CENTER,NEEDLES,99,5/24/13
COLORADO RIVER MEDICAL FACILITY,NEEDLES,102,2/19/13
COMCAST,TRACY,87,9/28/13
"COMMUNITY DEVELOPMENT 
INSTITUTE HEAD START",LOS ANGELES,146,7/31/13
"COMMUNITY DEVELOPMENT 
INSTITUTE HEAD START",PASADENA,226,7/31/13
"CONTINENTAL MARITIME OF SAN 
DIEGO",SAN DIEGO,185,4/12/13
"COOPER LIGHTING, LLC",VAN NUYS,77,5/6/13
CORELOGIC TAX SERVICES,LANCASTER,74,12/15/13
CORIX UTILITIES (US) INC,GARDEN GROVE,10,1/31/13
CORIX UTILITIES (US) INC,ONTARIO,1,1/30/13
COVIDIEN DISTRIBUTION CENTER,ONTARIO,6,8/29/13
CSC APLIED TECHNOLOGY DIVISION,PALMDALE,67,6/30/13
"CSC ATD DRYDEN FLIGHT RESEARCH 
CENTER",EDWARDS,78,6/30/13
"CUMMINS WEST, INC.",BAKERSFIELD,34,9/28/13
"CUMMINS WEST, INC.",FRESNO,43,9/28/13
"CUMMINS WEST, INC.",REDDING,12,9/28/13
"CUMMINS WEST, INC.",SAN LEANDRO,144,9/28/13
"CUMMINS WEST, INCL",ARCATA,11,9/28/13
"CUMMINS WEST, INCL",WEST SACRAMENTO,60,9/28/13
DEDICATED MANAGEMENT GROUP,SAN BERNARDINO,50,11/9/13
"DELAWARE NO.COMPANIES TRAVEL 
HOSPITALITY SERVICES",LOS ANGELES,66,12/1/13
"DELAWARE NO.COMPANIES TRAVEL 
HOSPITALITY SERVICES",LOS ANGELES,42,12/31/13
"DELL SERVICES-NASA AMES 
RESEARCH CENTER",MOFFETT FIELD,118,9/30/13
DELUXE LABORATORIES,LOS ANGELES,79,6/3/13
"DHL EXPRESS (USA)(SF 
INTERNATIONAL AIRPORT)",SAN FRANCISCO,83,4/19/13
DIGNITY HEALTH,CAMERON PARK,3,6/24/13
DIGNITY HEALTH,CARMICHAEL,31,6/24/13
DIGNITY HEALTH,CARMICHAEL,12,6/24/13
DIGNITY HEALTH,EL DORADO HILLS,1,6/24/13
DIGNITY HEALTH,ELK GROVE,3,6/24/13
DIGNITY HEALTH,FOLSOM,3,6/24/13
DIGNITY HEALTH,FOLSOM,12,6/24/13
DIGNITY HEALTH,RANCHO CORDOVA,9,6/24/13
DIGNITY HEALTH,ROCKLIN,1,6/24/13
DIGNITY HEALTH,ROSEVILLE,1,6/24/13
DIGNITY HEALTH,SACRAMENTO,19,6/24/13
DIGNITY HEALTH,SACRAMENTO,3,6/24/13
DIGNITY HEALTH,SACRAMENTO,1,6/24/13
DIGNITY HEALTH,SACRAMENTO,1,6/24/13
DIGNITY HEALTH,SACRAMENTO,1,6/24/13
DIGNITY HEALTH,SACRAMENTO,1,6/24/13
DIGNITY HEALTH,SACRAMENTO,37,6/24/13
DIGNITY HEALTH,SACRAMENTO,9,6/24/13
"DIGNITY HEALTH (WEST BAY 
FINANCIAL SVCS)",SAN MATEO,70,4/1/13
DIGNITY HEALTH-STOCKTON,LATHROP,1,6/24/13
DIGNITY HEALTH-STOCKTON,LODI,7,6/24/13
DIGNITY HEALTH-STOCKTON,MANTECA,6,6/24/13
DIGNITY HEALTH-STOCKTON,MERCED,1,6/24/13
DIGNITY HEALTH-STOCKTON,MERCED,54,6/24/13
DIGNITY HEALTH-STOCKTON,MODESTO,1,6/24/13
DIGNITY HEALTH-STOCKTON,SAN ANDREAS,9,6/24/13
DIGNITY HEALTH-STOCKTON,STOCKTON,5,6/24/13
DIGNITY HEALTH-STOCKTON,STOCKTON,1,6/24/13
DIGNITY HEALTH-STOCKTON,STOCKTON,1,6/24/13
DIGNITY HEALTH-STOCKTON,STOCKTON,206,6/24/13
DIGNITY HEALTH-STOCKTON,STOCKTON,1,6/24/13
DIGNITY HEALTH-STOCKTON,STOCKTON,4,6/24/13
DIGNITY HEALTH-STOCKTON,STOCKTON,1,6/24/13
DIGNITY HEALTH-STOCKTON,STOCKTON,15,6/24/13
DIGNITY HEALTH-STOCKTON,STOCKTON,3,6/24/13
DIGNITY HEALTH-STOCKTON,TRACY,4,6/24/13
"DIRECTORY DISTRIBUTING 
ASSOCIATES",COMMERCE,28,1/27/13
"DIRECTORY DISTRIBUTING 
ASSOCIATES",HAYWARD,17,1/27/13
"DIRECTORY DISTRIBUTING 
ASSOCIATES",MERCED,42,1/27/13
DIRECTV,COMPTON,1,12/20/13
DIRECTV,CUPERTINO,9,12/20/13
DIRECTV,EL SEGUNDO,66,12/20/13
DIRECTV,LOS ANGELES,13,12/20/13
DIRECTV,SYLMAR,1,12/20/13
DISCOVER FINANCIAL SERVICES,IRVINE,74,12/12/13
"DNC PARKS & RESORTS AT SEQUOIA, 
INC.","SEQUOIA NATIONAL 
PAR",55,10/4/13
"DNC PARKS & RESORTS AT SEQUOIA, 
INC.","SEQUOIA NATIONAL 
PAR",13,10/14/13
"DNC PARKS & RESORTS AT 
YOSEMITE, INC","YOSEMITE 
NATIONAL PA",1396,11/15/13
DTT,LOS ANGELES,64,10/1/13
EL CAMINO HOSPITAL,MOUNTAIN VIEW,56,8/1/13
EL CAMINO HOSPITAL,SAN JOSE,34,8/1/13
EL CAMINO HOSPITAL,SAN JOSE,55,8/1/13
ELECTRONIC ARTS INC,PLAYA VISTA,59,12/30/13
ELECTRONIC ARTS INC,REDWOOD CITY,65,6/10/13
ELITE SLIDES INC,LYNWOOD,78,11/30/13
EMQ FAMILIES FIRST,DAVIS,42,9/20/13
"EMQ FAMILIES FIRST-DAVIS CAMPUS 
SITE",DAVIS,77,7/31/13
ERNEST GALLO CLINIC,EMERYVILLE,17,6/30/13
ERNEST GALLO CLINIC,EMERYVILLE,2,7/31/13
ERNEST GALLO CLINIC,EMERYVILLE,3,8/31/13
ERNEST GALLO CLINIC,EMERYVILLE,3,9/30/13
"EVERGREEN INTERNATIONAL 
AVIATION, INC (EAGLE)",LOS ANGELES,182,1/31/13
"FAMSA, INC",SANTA FE SPRINGS,76,4/12/13
FCI FEDERAL,SAN FRANCISCO,19,6/14/13
"FEDEX FREIGHT, INC.",LOS ANGELES,65,7/13/13
"FEDEX FREIGHT, INC.",VERNON,54,7/13/13
"FIRST CALIFORNIA BANK-WESTLAKE 
VILLAGE CORP OFFICE",WESTLAKE VILLAGE,55,4/1/13
FIRST HUNAN RESTAURANT INC,PLEASANTON,5,4/1/13
FIRST MEDICAL MANAGEMENT,LONG BEACH,6,10/29/13
FIRST MEDICAL MANAGEMENT,LONG BEACH,18,10/29/13
FIRST MEDICAL MANAGEMENT,NEWPORT BEACH,14,10/29/13
FIRST MEDICAL MANAGEMENT,TEMECULA,5,10/29/13
FIRST MEDICAL MANAGEMENT,VAN NUYS,19,10/29/13
FISKER AUTOMOTIVE INC,ANAHEIM,160,4/5/13
"FOUNDATION FOR EARLY 
CHILDHOOD EDUCATION, INC",EL MONTE,285,6/15/13
FRY'S ELECTRONICS INC,SAN JOSE,163,3/15/13
"G4S GOVERNMENT SOLUTIONS, INC",FREMONT,13,9/30/13
"G4S GOVERNMENT SOLUTIONS, INC",LOS ANGELES,10,9/30/13
"G4S GOVERNMENT SOLUTIONS, INC",MATHER,13,9/30/13
"G4S GOVERNMENT SOLUTIONS, INC",PALMDALE,12,9/30/13
"G4S GOVERNMENT SOLUTIONS, INC",SAN DIEGO,13,9/30/13
"G4S GOVERNMENT SOLUTIONS, INC","SOUTH SAN 
FRANCISCO",13,9/30/13
"G4S GOVERNMENT SOLUTIONS, INC.",OAKLAND AIRPORT,13,7/17/13
"GARGIULO, INC",SOMIS,677,4/1/13
"GCA SERVICES GROUP-ADVANTAGE 
RENT A CAR LAX SITE",INGLEWOOD,46,4/1/13
GENCO,FONTANA,72,3/2/13
GENE WATSON CONSTRUCTION,FELLOWS,316,6/2/13
GENE WATSON CONSTRUCTION,TAFT,15,6/2/13
"GOLDEN ACRE FARMS, INC",THERMAL,200,7/1/13
GOODBY SILVERSTEIN & PARTNERS,SAN FRANCISCO,51,7/15/13
GOODBY SILVERSTEIN & PARTNERS,SAN FRANCISCO,47,12/31/13
"GOOGLE, INC (RANSTAD'S TEMP EES)",MOUNTAIN VIEW,84,9/13/13
"GRASS VALLEY USA, LLC",SAN FRANCISCO,27,9/30/13
"GREEN MOUNTAIN COFFEE 
ROASTERS",CASTROVILLE,74,5/13/13
GSC LOGISTICS,OAKLAND,57,5/3/13
GSC LOGISTICS,OAKLAND,2,5/3/13
HEALTH NET,SAN DIEGO,33,7/5/13
HERRICK CORPORATION,SAN BERNARDINO,140,9/16/13
HEWLETT-PACKARD COMPANY,PALO ALTO,102,3/8/13
HEWLETT-PACKARD COMPANY,PALO ALTO,14,3/29/13
HILLSIDES EDUCATION CENTER,PASADENA,82,6/28/13
HILTON SAN DIEGO MISSION VALLEY,SAN DIEGO,148,3/21/13
HOF'S HUT MARINA,LONG BEACH,75,3/1/13
HOLLYWOOD PARK RACETRACK,INGLEWOOD,539,12/22/13
"HORIZON PERSONNEL 
SERVICES@GSC LOGISTICS",OAKLAND,74,5/3/13
"HOTEL ZOSO (KITTRIDGE HOTEL 
MANAGEMENT LLC)",PALM SPRINGS,98,7/7/13
HSBC,POMONA,75,4/6/13
HYATT REGENCY IRVINE,IRVINE,327,12/15/13
"IMPAX LABORATORIES, INC.",HAYWARD,132,8/4/13
"IMPAX LABORATORIES, INC.",HAYWARD,8,8/4/13
"IMPAX LABORATORIES, INC.",HAYWARD,1,8/4/13
"IMPAX LABORATORIES, INC.",HAYWARD,2,8/4/13
"INTEGRATED TITLE, INC.",GLENDALE,8,2/15/13
INTERANTIONAL PAPER COMPANY,EL CENTRO,4,12/18/13
"INTERNATIONAL BUSINESS 
MACHINES CORPORATION",SAN JOSE,71,8/12/13
"INTERNATIONAL BUSINESS 
MACHINES CORPORATION",SAN JOSE,64,8/12/13
"INTERNATIONAL BUSINESS 
MACHINES CORPORATION",SAN JOSE,68,8/12/13
INTERNATIONAL PAPER COMPANY,EL CENTRO,98,9/20/13
INTERNATIONAL PAPER COMPANY,EL CENTRO,2,11/14/13
INTERNATIONAL PAPER COMPANY,EL CENTRO,3,11/22/13
INTERNATIONAL PAPER COMPANY,EL CENTRO,3,12/2/13
INTERNATIONAL PAPER COMPANY,MODESTO,19,2/5/13
INTERNATIONAL PAPER COMPANY,MODESTO,136,5/1/13
INTERSIL,MILPITAS,72,2/20/13
INTERSIL,SAN DIEGO,1,2/20/13
INTUIT INC,MOUNTAIN VIEW,10,11/11/13
INTUIT INC,SAN DIEGO,1,11/11/13
INTUIT INC,SAN FRANCISCO,3,11/11/13
INTUIT INC,WOODLAND HILLS,6,1/3/13
INTUIT INC.,MENLO PARK,6,7/29/13
INTUIT INC.,MENLO PARK,14,9/9/13
INTUIT INC.,MOUNTAIN VIEW,1,1/4/13
INTUIT INC.,MOUNTAIN VIEW,1,7/29/13
INTUIT INC.,MOUNTAIN VIEW,29,9/9/13
INTUIT INC.,SAN DIEGO,2,7/29/13
INTUIT INC.,SAN DIEGO,21,9/9/13
INTUIT INC.,SAN FRANCISCO,3,9/9/13
INTUIT INC.,WOODLAND HILLS,65,9/9/13
"INTUIT, INC.",SAN DIEGO,3,9/23/13
"INTUIT, INC.",SAN FRANCISCO,1,9/23/13
"INTUIT, INC.",WESTLAKE VILLAGE,28,9/23/13
"INTUIT, INC.",WOODLAND HILLS,5,9/23/13
"INTUIT,INC.",MENLO PARK,10,9/23/13
INVESTOR'S BUSINESS DAILY,LOS ANGELES,15,11/11/13
INVESTOR'S BUSINESS DAILY,LOS ANGELES,7,12/6/13
"J&J WORLDWIDE SERVICES-TRAVIS 
AIRFORCE BASE",TRAVIS AFB,144,9/30/13
JC'S 5 STAR OUTLET,ONTARIO,136,12/18/13
JDSU UNIPHASE CORPORATION,SANTA ROSA,88,9/27/13
"JERRY'S FAMOUS DELI, INC",LOS ANGELES,63,5/31/13
JEWISH HOME SAN FRANCISCO,SAN FRANCISCO,101,3/11/13
JOHN DEERE WATER,SAN MARCOS,78,7/23/13
JOHN MUIR HEALTH-CORE LAB,CONCORD,513,11/4/13
"JOIE DE VIVRE HOSPITALITY-MISS 
PEARL'S RESTAURANT",OAKLAND,53,1/7/13
"JP MORGAN CHASE (MORTGAGE 
BANK)",CHATSWORTH,307,10/11/13
"JP MORGAN CHASE (MORTGAGE 
BANK)",IRVINE,242,10/11/13
"JP MORGAN CHASE (MORTGAGE 
BANK)",SAN DIEGO,186,10/11/13
"JP MORGAN CHASE (MORTGAGE 
BANK)",SAN RAMON,162,10/11/13
"JP MORGAN CHASE-MORTGAGE 
BANK",CHATSWORTH,88,11/22/13
JUICY COUTURE INC,PACOIMA,17,11/22/13
"KAISER FOUNDATION HEALTH PLAN, 
INC",BURBANK,58,12/20/13
"KAISER FOUNDATION HEALTH PLAN, 
INC",BURBANK,31,12/31/13
KASHI,LA JOLLA,28,3/8/13
KEOLIS TRANSIT AMERICA,LONG BEACH,77,11/26/13
"KING BROS., INC.",VALENCIA,83,11/22/13
KINGSTON TECHNOLOGY,FOUNTAIN VALLEY,55,8/26/13
KMART STORE #3053,PLEASANT HILL,56,1/13/13
KMART STORE #7678,SAN DIEGO,88,4/14/13
"KYOCERA SOLAR, INC",SAN DIEGO,108,3/20/13
LABCORP,IRVINE,24,10/19/13
LABCORP,IRVINE,42,11/16/13
LABCORP,IRVINE,84,12/7/13
LABCORP,IRVINE,6,12/31/13
"LABCORP-NATIONAL GENETICS 
INSTITUTE (NGI)",LOS ANGELES,45,5/27/13
LAM RESEARCH CORPORATION,FREMONT,34,3/29/13
LAM RESEARCH CORPORATION,LIVERMORE,4,3/29/13
LAM RESEARCH CORPORATION,SAN JOSE,3,3/29/13
LEIDOS INC,EL SEGUNDO,79,1/15/13
LIFESCAN (JOHNSON & JOHNSON),MILPITAS,71,1/18/13
"LIFESCAN, INC",MILPITAS,76,9/13/13
"LIVE NATION ENTERTAINMENT, INC.",UNIVERSAL CITY,506,9/6/13
LOCKHEED MARTIN,SUNNYVALE,70,12/31/13
LOCKHEED MARTIN,SUNNYVALE,70,12/31/13
LOCKHEED MARTIN CORPORATION,PALMDALE,63,3/28/13
LOCKHEED MARTIN CORPORATION,SUNNYVALE,100,6/30/13
LOCKHEED MARTIN CORPORATION,SUNNYVALE,163,9/30/13
LOMA LINDA UNIVERSITY,LOMA LINDA,113,8/25/13
"LOMA LINDA UNIVERSITY 
ANESTHESIOLOGY MEDICAL GROUP",LOMA LINDA,60,12/31/13
"LOMA LINDA UNIVERSITY-FACULTY 
MEDICAL GROUP",LOMA LINDA,117,12/31/13
LPL FINANCIAL LLC,SAN DIEGO,31,10/14/13
LUCASFILM ANIMATION LTD,NICASIO,117,5/18/13
"LUCASFILM ENTERTAINMENT 
COMPANY (LUCASARTS)",SAN FRANCISCO,201,6/2/13
MACY'S,PASADENA,109,3/18/13
MAGU RANCH PARTNERSHIP,OXNARD,128,5/9/13
MAGU RANCH PARTNERSHIP,OXNARD,6,5/9/13
"MANPOWER INC (XYRATEX INC 
ASSIGNMENT)",WEST SACRAMENTO,126,5/1/13
MARITZ RESEARCH INC,LONG BEACH,404,2/28/13
"MC CANN'S ENGNG & MANUFACT. CO. 
(MANITOWOC)",LOS ANGELES,82,1/4/13
"MC COMMUNICATIONS, INC",CARLSBAD,32,11/2/13
"MC COMMUNICATIONS, INC",EL CAJON,88,11/2/13
MCCUNE CHRYSLER JEEP DODGE,NATIONAL CITY,87,1/15/13
MCDONALDS,LOS ANGELES,55,12/1/13
"MCLANE/SUNEAST, INC D/B/A MCLANE 
SOUTHERN CA",SAN BERNARDINO,53,11/11/13
"MEDICAL BILLING TECHNOLOGIES, 
INC",VISALIA,48,6/3/13
"MEDICAL BILLING TECHNOLOGIES, 
INC",VISALIA,10,8/26/13
"MEDICAL BILLING TECHNOLOGIES, 
INC.",VISALIA,11,8/26/13
MEMORIAL MEDICAL CENTER,MODESTO,16,9/3/13
MEMORIAL MEDICAL CENTER,MODESTO,2,9/13/13
"MENLO PARK SURGICAL HOSP/PALO 
ALTO MED FOUNDATION",MENLO PARK,2,9/3/13
MENZIES AVIATION LAX,LOS ANGELES,87,3/17/13
MERCURY NEWS,SAN JOSE,118,5/13/13
METLIFE,IRVINE,53,12/31/13
MICROSEMI CORPORATION,SAN JOSE,110,12/2/13
MILLS PENINSULA DIVISION,BURLINGAME,3,9/30/13
"MILLS PENINSULA EXT CARE-BAY 
AREA SR HEALTH SVCS",SAN MATEO,76,5/28/13
MILLS-PENINSULA HEALTH SERVICES,BURLINGAME,48,4/1/13
MILLS-PENINSULA HEALTH SERVICES,BURLINGAME,41,8/19/13
MILLS-PENINSULA MEDICAL CENTER,BURLINGAME,12,9/3/13
MONEY MAILE LLC,GARDEN GROVE,14,5/20/13
MONEY MAILER,GARDEN GROVE,6,9/30/13
MONEY MAILER LLC,GARDEN GROVE,5,5/6/13
MONEY MAILER LLC,GARDEN GROVE,17,6/6/13
MONEY MAILER LLC,GARDEN GROVE,75,7/2/13
"MONITOR GROUP LIMITED 
PARTNERSHIP",SAN FRANCISCO,66,1/8/13
"MONTEREY CARE CENTER, INC.",ROSEMEAD,100,12/31/13
MOONDOGGIES,SAN DIEGO,52,12/31/13
"MORNGO BASIN MHS-BIG BEAR 
RECOVERY SVCS",BIG BEAR LAKE,7,6/28/13
"MORONGO BASIN COUNSELING & 
RECOVERY-MAIN AGENCY",YUCCA VALLEY,70,6/28/13
"MORONGO BASIN MHS (29 PALMS 
CLINIC)",TWENTYNINE PALMS,6,6/28/13
"MORONGO BASIN MHS-BARSTOW 
RECOVERY SVCS",BARSTOW,19,6/28/13
"MORONGO BASIN MHS-BARSTOW 
RECOVERY SVCS OUTPATIENT",BARSTOW,3,6/28/13
"MORONGO BASIN MHS-JOSHUA TREE 
DRUG COURT",JOSHUA TREE,4,6/28/13
"MORONGO BASIN MHS-LUCERNE VLY 
CLINIC & CLUBHOUSE",LUCERNE VALLEY,3,6/28/13
"MORONGO BASIN MHS-MBMH 
CHOICES DDP & DEJ",JOSHUA TREE,4,6/28/13
"MORONGO BASIN MHS-MONTEREY 
BUSINESS CENTER",YUCCA VALLEY,39,6/28/13
"MOZZARELLA FRESCA, INC.",TIPTON,144,9/6/13
MV TRANSPORTATION INC,FRESNO,91,2/17/13
"MV TRANSPORTATION, INC.",VALLEJO,129,6/30/13
"NANOSOLAR, INC",SAN JOSE,170,4/15/13
"NATURAL BALANCE PET FOODS, INC.",PACOIMA,92,12/31/13
NBC UNIVERSAL MEDIA LLC,LOS ANGELES,97,11/11/13
NBCUNIVERSAL MEDIA LLC,LOS ANGELES,14,12/17/13
NBTY ACQUISITION LLC,CARSON,73,1/31/13
NBTY ACQUISITION LLC,CARSON,256,5/17/13
"NE OPCO, INC. D/B/A NATIONAL 
ENVELOPE",BASSETT,147,8/6/13
"NETAPP, INC.",SUNNYVALE,235,7/16/13
"NEW DIMENSION ONE SPAS, INC",VISTA,29,5/3/13
"NEW DIMENSION ONE SPAS, INC",VISTA,8,5/25/13
"NEW MEATCO PROVISIONS, LLC",LOS ANGELES,152,4/5/13
"NEWPORT DIVERSIFIED (SANTA FE 
SPRINGS SWAP MEET)",SANTA FE SPRINGS,23,9/27/13
"NEWPORT DIVERSIFIED, INC. SANTA 
FE SPRINGS SWAP",SANTA FE SPRINGS,33,3/4/13
"NICK'S AT THE BEACH, INC 
(DBA/NICK'S AT THE PIER)",SAN DIEGO,50,3/31/13
"NORDSTROM - ESCONDIDO 
REGIONAL OFFICE",ESCONDIDO,13,4/1/13
"NORDSTROM-SAN DIEGO REGIONAL 
OFFICE",SAN DIEGO,40,4/1/13
NORMS RESTAURANTS,SANTA MONICA,62,7/17/13
"NORTH AMERICAN BREWERIES 
(SACTO PYRAMID ALEHOUSE)",SACRAMENTO,53,3/4/13
"NORTHRIDGE HOSPITAL MEDICAL 
CENTER",NORTHRIDGE,138,10/28/13
"NORTHROP GRUMMAN TECHNICAL 
SRVCS",FORT IRWIN,55,11/14/13
"NORTHROP GRUMMAN TECHNICAL 
SRVCS (LSS CONTRACT)",FORT IRWIN,768,5/31/13
"NOVARTIS PHARMACEUTICALS 
CORPORATION",VACAVILLE,36,12/31/13
"NOVARTIS VACCINES & DIAGNOSTIC, 
INC",EMERYVILLE,54,11/22/13
OCEAN AVENUE SEAFOOD,SANTA MONICA,54,3/17/13
"OMNICARE, INC",BURBANK,62,5/23/13
"ONEWEST BANK, FSB",IRVINE,102,8/31/13
"ONEWEST BANK, FSB",PASADENA,78,8/31/13
ONYX PHARMACEUTICALS,"SOUTH SAN 
FRANCISCO",58,12/31/13
OPTIMER PHARMACEUTICALS INC,SAN DIEGO,10,12/31/13
"OZUMO SANTA MONICA, LLC",SANTA MONICA,61,1/1/13
PACIFIC GAS & ELECTRIC,CONCORD,1,5/10/13
PACIFIC GAS & ELECTRIC,CUPERTINO,1,5/10/13
PACIFIC GAS & ELECTRIC,DAVIS,1,5/10/13
PACIFIC GAS & ELECTRIC,FRESNO,1,5/10/13
PACIFIC GAS & ELECTRIC,FRESNO,1,5/10/13
PACIFIC GAS & ELECTRIC,JACKSON,1,5/10/13
PACIFIC GAS & ELECTRIC,SACRAMENTO,2,5/10/13
PACIFIC GAS & ELECTRIC,SAN CARLOS,1,5/10/13
PACIFIC GAS & ELECTRIC,SAN FRANCISCO,52,5/10/13
PACIFIC GAS & ELECTRIC,SAN FRANCISCO,3,5/10/13
PACIFIC GAS & ELECTRIC,SAN RAMON,1,5/10/13
PACIFIC GAS & ELECTRIC,SANTA CRUZ,1,5/10/13
PACIFIC GAS & ELECTRIC,STOCKTON,1,5/10/13
PACIFIC HOAPITAL OF LONG BEACH,LONG BEACH,104,10/29/13
PACIFIC HOSPITAL OF LONG BEACH,LONG BEACH,569,10/29/13
PACIFIC HOSPITAL OF LONG BEACH,LONG BEACH,18,10/29/13
PACIFIC HOSPITAL OF LONG BEACH,LONG BEACH,7,10/29/13
PACIFIC HOSPITAL OF LONG BEACH,LONG BEACH,6,10/29/13
PACIFIC SCIENTIFIC COMPANY,DUARTE,194,8/14/13
"PACIFIC SHIP REPAIR AND 
FABRICATION, INC",SAN DIEGO,280,3/1/13
PACIFICA HOTEL COMPANY,MARINA DEL REY,79,7/31/13
PALOMAR HEALTH,ESCONDIDO,17,7/26/13
PALOMAR HEALTH,ESCONDIDO,32,7/26/13
PALOMAR HEALTH,ESCONDIDO,2,7/26/13
PALOMAR HEALTH,ESCONDIDO,9,8/19/13
PALOMAR HEALTH,ESCONDIDO,1,8/19/13
PALOMAR HEALTH,ESCONDIDO,122,9/1/13
PALOMAR HEALTH,POWAY,14,7/26/13
PALOMAR HEALTH,SAN DIEGO,12,7/26/13
PALOMAR HEALTH,SAN DIEGO,3,8/19/13
PALOMAR MEDICAL CENTER,ESCONDIDO,7,8/19/13
PALOMAR MEDICAL CENTER,ESCONDIDO,35,9/19/13
"PARAMEDICS PLUS, LLC.",SAN LEANDRO,50,6/30/13
"PARAMONT PETROLEUM CORP 
(EDINGTON LLC)",LONG BEACH,6,1/28/13
PARAMONT PETROLEUM RIFINERY,PARAMOUNT,59,1/28/13
"PARAMOUNT ENERGY SOLUTIONS 
LLC",GRANITE BAY,170,9/3/13
"PARAMOUNT PICTURES 
CORPORATION",LOS ANGELES,73,10/1/13
PENNYSAVERUSA.COM,RANCHO CORDOVA,43,5/29/13
PENNYSAVERUSA.COM,RANCHO CORDOVA,72,7/10/13
"PENNYSAVERUSA.COM (HARTE-
HANKS SHOPPERS INC)",RANCHO CORDOVA,5,4/29/13
"PENNYSAVERUSA.COM (SOUTHERN 
COMPRINT CO)",RANCHO CORDOVA,25,4/27/13
"PEREGRINE SEMICONDUCTOR 
CORPORATION",SAN DIEGO,20,12/5/13
PERSEID THERAPEUTICS LLC,REDWOOD CITY,59,8/12/13
PFIZER,SAN DIEGO,80,5/8/13
PHIL'S BBQ,SAN DIEGO,144,12/29/13
"PHILIPS ELECTRONICS NORTH 
AMERICA",SAN JOSE,72,9/28/13
PHOENIX CASINO & LOUNGE INC,CITRUS HEIGHTS,61,4/14/13
PMI MORTGAGE INSURANCE CO,WALNUT CREEK,64,1/11/13
PNEUMATIC SCALE ANGELUS,VERNON,111,1/1/13
PNEUMATIC SCALEANGELUS,VERNON,8,7/8/13
PNEUMATIC SCALEANGELUS,VERNON,10,7/8/13
POINT WALKER INC,CITRUS HEIGHTS,133,4/16/13
"POINT WALKER, INC D/B/A/ LUCKY 
DERBY CASINO",CITRUS HEIGHTS,118,7/15/13
"PORTS AMERICA-TTI OPERATIONS & 
MARINE TERMINALS",OAKLAND,31,6/30/13
"POST FOODS, LLC",MODESTO,49,12/13/13
POWERWAVE TECHNOLOGIES,SANTA ANA,188,4/1/13
"PRATT & WHITNEY ROCKETDYNE, INC",CANOGA PARK,88,1/15/13
PRIMETECH INTERNATIONAL INC,BARSTOW,104,3/31/13
PROMMIS,SAN DIEGO,129,4/26/13
PSPM - DOWNEY ORTHOPEDIC,DOWNEY,57,4/1/13
PSPM - ENCINO,VAN NUYS,20,4/1/13
PSPM - IMPERIAL LIEN SOLUTIONS,LONG BEACH,20,4/1/13
PSPM - PSPM CORPORATE OFFICE,NEWPORT BEACH,12,4/1/13
"PSS WORLD MEDICAL - MCKESSON 
CORPORATION",SANTA ANA,8,12/15/13
"PSS WORLD MEDICAL -MCKESSON 
CORPORATION",SANTA ANA,34,11/15/13
"PSS WORLD MEDICAL-MCKESSON 
CORPORATION",SANTA ANA,4,11/15/13
"PSS WORLD MEDICAL-MCKESSON 
CORPORATION",SANTA ANA,2,12/15/13
"QUAD/GRAPHICS, INC",PITTSBURG,88,11/22/13
"QUARTERMASTER, LLC",CERRITOS,60,4/7/13
"QUIKSILVER, INC",HUNTINGTON BEACH,16,4/8/13
"QUIKSILVER, INC.",HUNTINGTON BEACH,49,4/30/13
"RADIOLOGICAL ASSOCIATES OF 
SACRAMENTO",SACRAMENTO,341,1/31/13
RALPHS,IRVINE,51,7/9/13
RALPHS,SAN DIMAS,61,8/30/13
RALPHS GROCERY COMPANY,ARCADIA,49,5/24/13
RALPHS GROCERY COMPANY,FONTANA,57,1/15/13
RALPHS GROCERY COMPANY,RIVERSIDE,24,3/10/13
RALPHS GROCERY COMPANY #104,LA MESA,60,1/1/13
RALPHS GROCERY COMPANY #637,SYLMAR,58,10/18/13
"RALPHS GROCERY COMPANY 
(ARTESIA)",COMPTON,11,3/10/13
"RALPHS GROCERY COMPANY 
(GLENDALE)",LOS ANGELES,15,3/10/13
"RALPHS GROCERY COMPANY (LA 
HABRA)",LA HABRA,3,3/10/13
"RALPHS GROCERY COMPANY 
(PARAMOUNT)",PARAMOUNT,23,3/10/13
"RALPHS GROCERY COMPANY 
(WILMINGTON)",COMPTON,32,3/10/13
"RALPHS GROCERY COMPANY STORE 
#631",LONG BEACH,67,6/15/13
"RALPHS GROCERY COMPANY-
LOACTION 152",MORENO VALLEY,55,5/17/13
RANDSTAD (GOOGLE ASSIGNMENT),MOUNTAIN VIEW,36,6/11/13
"RANDSTAD (GOOGLE, INC.)",MOUNTAIN VIEW,30,7/24/13
"RANDSTAD (TEMP ASSGN 
W/GOOGLE)",MOUNTAIN VIEW,31,4/9/13
RAS MEDICAL GROUP,SACRAMENTO,8,12/31/13
"RAS MEDICAL GROUP, FOLSOM 
UROLOGY",FOLSOM,11,12/31/13
"RAS MEDICAL GROUP, NOR. 
CA.THORACIC/VAS.INSTITUTE",ROSEVILLE,1,12/31/13
"RAS MEDICAL GROUP,(SCHMO)",SACRAMENTO,16,12/31/13
"RAS MEDICAL GROUP,CARMICHAEL 
UROLOGY",CARMICHAEL,7,12/31/13
RAYTHEON COMPANY,EL SEGUNDO,54,9/16/13
"RENAISSANCE STANFORD COURT 
HOTEL",SAN FRANCISCO,90,6/28/13
"REVCYCLE+, INC",CERRITOS,163,8/27/13
"REVCYCLE+, INC",CERRITOS,26,10/26/13
"RHYTHM AND HUES, INC",EL SEGUNDO,464,4/12/13
"RHYTHM AND HUES, INC.",EL SEGUNDO,254,2/10/13
RICON,PANORAMA CITY,50,12/1/13
"RIO TINTO MINERALS(U.S. BORAX 
INC)",BORON,234,11/27/13
"RITZ-CARLTON, LAKE TAHOE 
(MARRIOT INTERNATIONAL)",TRUCKEE,250,4/14/13
RM FOODS,VERNON,166,7/22/13
"ROME RESEARCH CORPORATION 
(RRC)",CAMP ROBERTS,54,3/31/13
RUBIN POSTAER ASSOCIATES,SANTA MONICA,90,5/31/13
"RUSHMORE LOAN MANAGEMENT 
SERVICES LLC",IRVINE,101,12/31/13
RYDER,SAN BERNARDINO,108,9/23/13
"SAFEGUARD PROPERTIES 
MANAGEMENT, LLC",SAN BERNARDINO,168,2/4/13
"SAFEGUARD PROPERTIES 
MANAGEMENT, LLC",WESTLAKE VILLAGE,82,2/4/13
SAINT AGNES MEDICAL CENTER,FRESNO,75,1/23/13
SALTER LABS,ARVIN,87,8/25/13
"SAN DIEGO HOSPICE-INST FOR 
PALLIATIVE MEDICINE",SAN DIEGO,129,1/4/13
"SAN DIEGO TOURISM AUTHORITY 
(SDTA)",SAN DIEGO,84,5/6/13
"SAN FRANCISCI MUSEUM OF 
MODERN ART",SAN FRANCISCO,48,6/1/13
"SAN FRANCISCO MARRIOTT 
MARQUIS-FOURTH ST BAR&GRILL",SAN FRANCISCO,24,4/1/13
"SAN LEANDRO HOSPITAL (SUTTER 
HEALTH)",SAN LEANDRO,464,10/31/13
"SANTA FE SPRINGS SWAP MEET-
NEWPORT DIVERSIFIED INC",SANTA FE SPRINGS,33,5/16/13
"SCIENCE APPLICATIONS 
INTERNATIONAL CORP (SAIC)",SAN DIEGO,57,2/1/13
"SCIENCE APPLICATIONS 
INTERNATIONAL CORP (SAIC)",SAN DIEGO,68,4/12/13
SELECT STAFFING@GSC LOGISTICS,OAKLAND,77,5/3/13
"SHELTER ISLAND INC (TOM HAM'S 
LIGHTHOUSE)",SAN DIEGO,70,1/2/13
"SHOEDAZZLE.COM, INC",LOS ANGELES,52,12/31/13
"SIDECCA, INC (CORPORATE 
OFFICE/WAREHOUSE)",CHATSWORTH,24,3/31/13
"SIDECCA, INC - NORTHRIDGE 
FASHION CENTER",NORTHRIDGE,11,3/31/13
"SIDECCA, INC-BREA MALL",BREA,11,3/31/13
"SIDECCA, INC-BURBANK TOWN 
CENTER",BURBANK,9,3/31/13
"SIDECCA, INC-LOS CERRITOS 
CENTER",CERRITOS,11,3/31/13
"SIDECCA, INC-MONTCLAIR PLAZA",MONTCLAIR,9,3/31/13
"SIDECCA, INC-VALENCIA TOWN 
CENTER",VALENCIA,10,3/31/13
"SIDECCA, INC-WESTFIELD SANTA 
ANITA",ARCADIA,10,3/31/13
SILGAN CONTAINERS,RIVERBANK,176,6/30/13
SILGAN CONTAINERS,RIVERBANK,160,9/1/13
SILGAN CONTAINERS,RIVERBANK,63,10/20/13
SILGAN CONTAINERS,RIVERBANK,21,10/27/13
SILGAN CONTAINERS,RIVERBANK,34,11/3/13
SILGAN CONTAINERS,RIVERBANK,30,11/10/13
SILGAN CONTAINERS,RIVERBANK,25,11/24/13
SILGAN CONTAINERS,RIVERBANK,4,12/15/13
SILVER STAR AUTOMOTIVE GROUP,THOUSAND OAKS,47,10/8/13
"SODEXO, INC",LOS ANGELES,130,3/11/13
"SODEXO, INC",THOUSAND OAKS,93,4/19/13
"SODEXO, INC.",COMPTON,179,4/16/13
SOLOPOWER,SAN JOSE,33,6/17/13
SOLOPOWER INC,SAN JOSE,61,4/30/13
SONY ELECTRONICS INC,SAN DIEGO,130,4/26/13
SONY ONLINE ENTERTAINMENT,SAN DIEGO,70,10/28/13
SOUTHERN CALIFORNIA EDISON,IRWINDALE,6,7/13/13
SOUTHERN CALIFORNIA EDISON,IRWINDALE,4,7/13/13
SOUTHERN CALIFORNIA EDISON,ROSEMEAD,46,7/13/13
SOUTHERN CALIFORNIA EDISON,SAN CLEMENTE,600,8/26/13
SOUTHERN CALIFORNIA EDISON,SAN CLEMENTE,547,10/3/13
"SOUTHERN CALIFORNIA EDISON 
(SONGS)",SAN CLEMENTE,100,3/11/13
"SOUTHERN CALIFORNIA EDISON 
(SONGS)",SAN CLEMENTE,100,4/26/13
"SOUTHERN CALIFORNIA EDISON 
COMAPNY (SCE)",ROSEMEAD,49,5/19/13
"SOUTHERN CALIFORNIA EDISON 
COMPANY",IRWINDALE,11,6/16/13
"SOUTHERN CALIFORNIA EDISON 
COMPANY",IRWINDALE,14,6/16/13
"SOUTHERN CALIFORNIA EDISON 
COMPANY",ROSEMEAD,46,6/16/13
"SOUTHERN CALIFORNIA EDISON 
COMPANY",SAN CLEMENTE,14,9/27/13
"SOUTHERN CALIFORNIA EDISON 
COMPANY (SCE)",IRWINDALE,15,5/11/13
"SOUTHERN CALIFORNIA EDISON 
COMPANY (SCE)",IRWINDALE,16,5/11/13
"SOUTHERN CALIFORNIA EDISON 
COMPANY (SCE)",IRWINDALE,40,5/11/13
"SOUTHERN CALIFORNIA EDISON 
COMPANY (SCE)",ROSEMEAD,52,5/11/13
"SOUTHERN CALIFORNIA EDISON 
COMPANY-SONGS",SAN CLEMENTE,250,6/3/13
"SOUTHERN CALIFORNIA EDISON-
SONGS(MESA)",SAN CLEMENTE,8,11/1/13
"SOUTHERN CALIFORNIA EDISON-
SONGS-SSID-PPD",WESTMINSTER,19,11/1/13
"SPECTRUM ATHLETIC CLUB-
VALENCIA",SANTA CLARITA,88,10/30/13
"ST. JUDE MEDICAL CENTER (ST. 
JOSEPH HEALTH)",FULLERTON,57,2/1/13
ST. MARY MEDICAL CENTER,LONG BEACH,86,8/12/13
"ST.JOHNS REGIONAL MEDICAL 
CENTER",OXNARD,36,1/31/13
ST.JOSEPH HOSPITAL,ORANGE,128,4/1/13
"STMICROELECTRONICS, INC.",SANTA CLARA,52,10/1/13
"SUN WORLD INERNATIONAL, LLC",BLYTHE,65,1/15/13
SUNTRUST MORTAGE,IRVINE,89,12/31/13
"SUTTER CENTRAL VALLEY HOSP DBA 
MEMORIAL MED CTR",MODESTO,39,6/17/13
"SUTTER CENTRAL VLY HOSP,DBA 
MEMORIAL MEDICAL CENTR",MODESTO,114,1/15/13
"SUTTER EAST BAY HOSP - ASHBY 
CAMPUS",BERKELEY,25,4/22/13
"SUTTER EAST BAY HOSP - SUMMIT 
CAMPUS",OAKLAND,7,4/22/13
"SUTTER EAST BAY HOSPITALS 
(SUMMIT CAMPUS)",OAKLAND,7,5/6/13
"SUTTER EAST BAY HOSPITALS 
(SUMMIT)",OAKLAND,8,5/15/13
"SUTTER EASY BAY HOSPITALS (ALTA 
BATES CAMPUS)",BERKELEY,7,5/6/13
"SUTTER HEALTH SACRAMENTO 
SIERRA REGION",SACRAMENTO,2,11/18/13
"SUTTER HEALTH SACRAMENTO 
SIERRA REGION",SACRAMENTO,3,12/2/13
"SUTTER HEALTH-ALTA BATES 
SUMMIT",OAKLAND,6,10/17/13
"SUTTER HEALTH-ALTA BATES 
SUMMIT MEDICAL CENTER",BERKELEY,9,10/4/13
"SUTTER HEALTH-MILLS-PENINSULA 
MEDICAL CENTER",BURLINGAME,8,10/4/13
"SUTTER MEDICAL CENTER, 
SACRAMENTO",SACRAMENTO,8,12/2/13
"SUTTER OAKS MIDTOWN NURSING 
CENTER",SACRAMENTO,128,12/2/13
"SUTTER ROSEVILLE MEDICAL 
CENTER",ROSEVILLE,68,12/1/13
SYMANTEC CORPORATION,CULVER CITY,46,8/16/13
SYMANTEC CORPORATION,CULVER CITY,2,9/4/13
SYMANTEC CORPORATION,CULVER CITY,6,9/27/13
SYMANTEC CORPORATION,CULVER CITY,4,11/12/13
SYMANTEC CORPORATION,MOUNTAIN VIEW,62,7/18/13
SYMANTEC CORPORATION,MOUNTAIN VIEW,114,8/16/13
SYMANTEC CORPORATION,MOUNTAIN VIEW,18,9/4/13
SYMANTEC CORPORATION,MOUNTAIN VIEW,74,9/27/13
SYMANTEC CORPORATION,MOUNTAIN VIEW,1,10/4/13
SYMANTEC CORPORATION,MOUNTAIN VIEW,1,10/28/13
SYMANTEC CORPORATION,MOUNTAIN VIEW,3,11/12/13
"SYSCO LOS ANGELES,INC",WALNUT,200,7/15/13
"SYSCO SAN DIEGO, INC",POWAY,70,6/3/13
TE CONNECTIVITY,CARPINTERIA,116,4/5/13
TECHNICOLOR,GLENDALE,50,3/28/13
TECHNICOLOR INC,GLENDALE,50,12/21/13
"TELEDYNE MICROELECTRONIC 
TECHNOLOGIES",LOS ANGELES,93,5/11/13
TELLABS,SANTA CLARA,150,4/5/13
"TEVA PHARMACEUTICALS, INC",IRVINE,3,3/11/13
"TEVA PHARMACEUTICALS, INC",IRVINE,20,4/8/13
"TEXAS INSTRUMENTS 
INCORPORATED",SANTA CLARA,57,3/23/13
THE BOEING COMPANY,ANAHEIM,1,1/25/13
THE BOEING COMPANY,ANAHEIM,1,2/22/13
THE BOEING COMPANY,EL SEGUNDO,17,1/25/13
THE BOEING COMPANY,EL SEGUNDO,2,3/22/13
THE BOEING COMPANY,EL SEGUNDO,3,4/5/13
THE BOEING COMPANY,EL SEGUNDO,10,5/3/13
THE BOEING COMPANY,EL SEGUNDO,11,5/27/13
THE BOEING COMPANY,EL SEGUNDO,9,7/19/13
THE BOEING COMPANY,EL SEGUNDO,3,8/23/13
THE BOEING COMPANY,HUNTINGTON BEACH,33,1/25/13
THE BOEING COMPANY,HUNTINGTON BEACH,10,2/22/13
THE BOEING COMPANY,HUNTINGTON BEACH,11,3/22/13
THE BOEING COMPANY,HUNTINGTON BEACH,18,4/5/13
THE BOEING COMPANY,HUNTINGTON BEACH,19,5/3/13
THE BOEING COMPANY,HUNTINGTON BEACH,45,5/27/13
THE BOEING COMPANY,HUNTINGTON BEACH,96,7/19/13
THE BOEING COMPANY,HUNTINGTON BEACH,16,7/19/13
THE BOEING COMPANY,LONG BEACH,35,1/25/13
THE BOEING COMPANY,LONG BEACH,2,2/22/13
THE BOEING COMPANY,LONG BEACH,23,3/22/13
THE BOEING COMPANY,LONG BEACH,2,4/5/13
THE BOEING COMPANY,LONG BEACH,11,5/3/13
THE BOEING COMPANY,LONG BEACH,7,5/27/13
THE BOEING COMPANY,LONG BEACH,15,7/19/13
THE BOEING COMPANY,LONG BEACH,8,8/23/13
THE BOEING COMPANY,PALMDALE,7,2/22/13
THE BOEING COMPANY,PALMDALE,2,7/19/13
THE BOEING COMPANY (ANAHEIM),ANAHEIM,11,1/1/13
"THE BOEING COMPANY (EL 
SEGUNDO)",EL SEGUNDO,31,1/1/13
"THE BOEING COMPANY (HUNTINGTON 
BEACH)",HUNTINGTON BEACH,75,1/1/13
"THE BOEING COMPANY (LONG 
BEACH)",LONG BEACH,17,1/1/13
"THE CHEESECAKE FACTORY (GRAND 
LUX CAFE, LLC)",LOS ANGELES,132,3/19/13
THE OUTDOOR CHANNEL,TEMECULA,5,12/6/13
THE PROUD BIRD,LOS ANGELES,96,11/21/13
TIME WARNER CABLE,HOLLYWOOD,304,4/30/13
TOPA MANAGEMENT COMPANY,HEMET,2,12/31/13
"TOPA MANAGEMENT COMPANY - 
BIRCHCREST APTS",DOWNEY,4,12/31/13
"TOPA MANAGEMENT COMPANY-
AZUSA PARK",AZUSA,2,12/31/13
"TOPA MANAGEMENT COMPANY-CASA 
BELLA",COSTA MESA,2,12/31/13
"TOPA MANAGEMENT COMPANY-CASA 
PACIFICA",PORT HUENEME,2,12/31/13
"TOPA MANAGEMENT COMPANY-
COLLEGE PARK",LANCASTER,2,3/31/13
"TOPA MANAGEMENT COMPANY-
CONEJO FUTURE",THOUSAND OAKS,2,12/31/13
"TOPA MANAGEMENT COMPANY-
CORPORATE STAFF",LOS ANGELES,10,12/31/13
"TOPA MANAGEMENT COMPANY-
COVINA MANOR",CHARTER OAKS,2,12/31/13
"TOPA MANAGEMENT COMPANY-
FERNWOOD",LANCASTER,2,3/31/13
"TOPA MANAGEMENT COMPANY-
FOOTHILL VILLAS",SAN BERNARDINO,7,12/31/13
"TOPA MANAGEMENT COMPANY-
HARVARD MANOR",IRVINE,3,12/31/13
"TOPA MANAGEMENT COMPANY-
HAYWARD VILLA",HAYWARD,1,12/31/13
"TOPA MANAGEMENT COMPANY-
HOBART GARDENS",LOS ANGELES,3,12/31/13
"TOPA MANAGEMENT COMPANY-
SUNNYVIEW VILLA",PALM SPRINGS,2,12/31/13
"TOPA MANAGEMENT COMPANY-
VERNER VILLA",PICO RIVERA,1,12/31/13
"TOPA MANAGEMENT COMPANY-
VILLAGE LA PAZ",LAGUNA NIGUEL,2,12/31/13
"TOPA MANAGEMNT COMPANY-
SUTTER VILLAGE",YUBA CITY,2,12/31/13
"TOSHIBA AMERICA INFORMATION 
SYSTEMS, INC",IRVINE,56,11/5/13
TOYS-R-US,ANAHEIM,30,1/26/13
"TRANSFIELD SERVICES MNGMNT 
(TESORO LA REFINERY)",CARSON,90,10/31/13
"TRANSFIELD SVCS-PHILLIPS 66 LA 
REFINERY-CARSON",CARSON,59,12/31/13
"TRANSFIELD SVCS-PHILLIPS 66 LA 
REFINERY-WILMINGTON",WILMINGTON,31,12/31/13
"TRANSFIELD SVCS-PHILLIPS 66 
REFINERY CARSON",CARSON,27,12/19/13
"TRANSFIELD SVCS-PHILLIPS 66 
REFINERY WILMINGTON",WILMINGTON,31,12/19/13
"TRANSFIELD SVCS-PHILLIPS 66 
RODEO REFINERY",RODEO,89,12/31/13
"TRANSFIELD SVCS-PHILLIPS 66 
SANTA MARIA REFINERY",ARROYO GRANDE,43,12/27/13
TRINITY SPORTS INC,VERNON,189,7/12/13
TRINITY SPORTS INC,VERNON,164,11/30/13
TRION WORLDS INC.,REDWOOD CITY,68,7/16/13
"TRIWEST HEALTHCARE ALLIANCE 
CORP",ATWATER,2,2/15/13
"TRIWEST HEALTHCARE ALLIANCE 
CORP",BEALE A F B,3,2/15/13
"TRIWEST HEALTHCARE ALLIANCE 
CORP",CAMP PENDLETON,11,2/15/13
"TRIWEST HEALTHCARE ALLIANCE 
CORP",CAMP PENDLETON,1,2/15/13
"TRIWEST HEALTHCARE ALLIANCE 
CORP",CHINA LAKE,2,2/15/13
"TRIWEST HEALTHCARE ALLIANCE 
CORP","EDWARDS AIR 
FORCE BA",4,2/15/13
"TRIWEST HEALTHCARE ALLIANCE 
CORP",EL SEGUNDO,5,2/15/13
"TRIWEST HEALTHCARE ALLIANCE 
CORP",FORT IRWIN,2,2/15/13
"TRIWEST HEALTHCARE ALLIANCE 
CORP",LEMOORE,6,2/15/13
"TRIWEST HEALTHCARE ALLIANCE 
CORP",MCCLELLAN AFB,2,2/15/13
"TRIWEST HEALTHCARE ALLIANCE 
CORP",MCKINLEYVILLE,2,2/15/13
"TRIWEST HEALTHCARE ALLIANCE 
CORP",MORENO VALLEY,4,2/15/13
"TRIWEST HEALTHCARE ALLIANCE 
CORP",MOUNTAIN VIEW,2,2/15/13
"TRIWEST HEALTHCARE ALLIANCE 
CORP",PETALUMA,2,2/15/13
"TRIWEST HEALTHCARE ALLIANCE 
CORP",PORT HUENEME,4,2/15/13
"TRIWEST HEALTHCARE ALLIANCE 
CORP",SAN DIEGO,3,2/15/13
"TRIWEST HEALTHCARE ALLIANCE 
CORP",SAN DIEGO,8,2/15/13
"TRIWEST HEALTHCARE ALLIANCE 
CORP",SAN DIEGO,4,2/15/13
"TRIWEST HEALTHCARE ALLIANCE 
CORP",SAN DIEGO,14,2/15/13
"TRIWEST HEALTHCARE ALLIANCE 
CORP",SAN DIEGO,4,2/15/13
"TRIWEST HEALTHCARE ALLIANCE 
CORP",SEASIDE,3,2/15/13
"TRIWEST HEALTHCARE ALLIANCE 
CORP",TRAVIS AFB,10,2/15/13
"TRIWEST HEALTHCARE ALLIANCE 
CORP","TWENTY-NINE 
PALMS",4,2/15/13
"TRIWEST HEALTHCARE ALLIANCE 
CORP",VANDENBERG AFB,4,2/15/13
"U.S. BEST REPAIR SERVICE, INC",IRVINE,179,4/12/13
"U.S. SECURITY ASSOCIATES, INC",SAN DIEGO,53,11/15/13
UNION BANK,GOLETA,175,1/29/13
"UNION BANK, N.A.",SANTA BARBARA,72,4/30/13
UNITED SPIRAL PIPE LLC,PITTSBURG,89,8/16/13
"UNITED SPIRAL PIPE, LLC",PITTSBURG,104,1/1/13
"UNITED SPIRAL PIPE, LLC",PITTSBURG,60,5/1/13
US JOINER LLC,SAN DIEGO,37,6/1/13
USS POSCO INDUSTRIES,PITTSBURG,705,7/14/13
UTC AREOSPACE SYSTEMS,CHULA VISTA,30,1/16/13
"VALEANT PHARMACEUTICALS-OBAGI 
MEDICAL PRODUCTS INC",LONG BEACH,77,4/26/13
VALLEY CREST (ESTATE GARDENS),CALABASAS,69,9/1/13
"VEOLIA TRANSPORTATION SERVICES, 
INC",IRVINE,480,6/30/13
"VERIZON CORPORATE RESOURCES 
GROUP LLC",IRVINE,57,6/24/13
VERIZON WIRELESS,FOLSOM,132,8/31/13
"VIATRAN EXPRESS, INC.",FONTANA,87,8/3/13
VISTA HONDA,VENTURA,87,12/23/13
"VMWARE, INC",PALO ALTO,310,4/1/13
VOLCANO CORPORATION,RANCHO CORDOVA,39,9/2/13
"W.D.YOUNG & SONS, COCOPAH 
NURSERIES INC",THERMAL,115,5/10/13
"WAGGIN' TRAIN, LLC DISTRIBUTION
(NESTLE PURINA)",CORONA,14,1/31/13
"WALLY'S WINE & SPIRITS (MEL-JEN 
INC)",LOS ANGELES,63,5/12/13
WALT DISNEY PICTURES,BURBANK,114,6/9/13
WALT DISNEY PICTURES,BURBANK,1,7/26/13
WALT DISNEY PICTURES,BURBANK,6,9/27/13
WELLS FARGO,COSTA MESA,120,10/20/13
WELLS FARGO,COSTA MESA,1,12/15/13
WELLS FARGO,SAN BERNARDINO,64,10/20/13
WELLS FARGO,SAN BERNARDINO,9,11/16/13
WELLS FARGO,SAN BERNARDINO,21,12/15/13
WELLS FARGO,SAN DIEGO,64,10/20/13
WELLS FARGO,SAN DIEGO,2,11/16/13
WELLS FARGO,SAN DIEGO,24,12/15/13
WELLS FARGO,SANTA ANA,217,10/20/13
WELLS FARGO,SANTA ANA,1,12/15/13
"WHOLE FOODS-MRS. GOOCH'S 
NATURAL FOODS MARKET",VERNON,150,4/18/13
WINDSOR FOODS,RIVERSIDE,239,1/18/13
"WOLFGANG PUCK CATERING & 
EVENTS, LLC",LOS ANGELES,170,7/13/13
"WOODWARD, INC",PACOIMA,14,3/29/13
XEROX BUSINESS SERVICES,BAKERSFIELD,150,7/19/13
XEROX BUSINESS SERVICES,BAKERSFIELD,69,8/30/13
"XEROX BUSINESS SERVICES-
ORANGE COUNTY DATA CENTER",SANTA ANA,84,6/19/13
"XEROX CORPORATION-ROS 
MANUFACTURING OPERATIONS",EL SEGUNDO,47,12/20/13
XEROX RANCH,OXNARD,172,5/14/13
XYRATEX INTERNATIONAL INC,WEST SACRAMENTO,17,11/22/13
"XYRATEX INTERNATIONAL, INC",WEST SACRAMENTO,58,8/15/13
"XYRATEX INTERNATIONAL, INC",WEST SACRAMENTO,6,9/27/13
"XYRATEX INTERNATIONAL, INC.",WEST SACRAMENTO,31,5/3/13
"XYRATEX INTERNATIONAL, INC.",WEST SACRAMENTO,32,5/3/13
YP WESTERN DIRECTORY LLC,SAN FRANCISCO,52,2/28/13
"YP WESTERN DIRECTORY LLC & YP 
WESTERN HOLDINGS LLC",ANAHEIM,111,3/13/13
YP WESTERN HOLDINGS LLC,ANAHEIM,60,6/7/13
YP WESTERN HOLDINGS LLC,ANAHEIM,6,6/28/13
YRC FREIGHT - BELL FACILITY,LOS ANGELES,288,5/12/13
"YUSEN LOGISTICS (AMERICAS) INC 
(MIRA LOMA WRHSE)",MIRA LOMA,27,1/31/13
ZACKY FARMS,CORCORAN,6,1/31/13
ZACKY FARMS,DENAIR,3,1/31/13
ZACKY FARMS,FRESNO,6,1/31/13
ZACKY FARMS,GUSTINE,3,1/31/13
ZACKY FARMS,KERMAN,4,1/31/13
ZACKY FARMS,ORANGE COVE,6,1/31/13
ZACKY FARMS,PIXLEY,2,1/31/13
ZACKY FARMS,PIXLEY,3,1/31/13
ZACKY FARMS,PIXLEY,2,1/31/13
ZACKY FARMS LLC,APPLE VALLEY,1,1/31/13
ZACKY FARMS LLC,APPLE VALLEY,2,1/31/13
ZACKY FARMS LLC,ATWATER,2,1/31/13
ZACKY FARMS LLC,CARUTHERS,1,1/31/13
ZACKY FARMS LLC,CARUTHERS,3,1/31/13
ZACKY FARMS LLC,CITY OF INDUSTRY,19,1/31/13
ZACKY FARMS LLC,CORCORAN,6,1/31/13
ZACKY FARMS LLC,CORCORAN,10,1/31/13
ZACKY FARMS LLC,FRESNO,16,1/31/13
ZACKY FARMS LLC,FRESNO,46,1/31/13
ZACKY FARMS LLC,FRESNO,448,1/31/13
ZACKY FARMS LLC,HELENDALE,1,1/31/13
ZACKY FARMS LLC,KERMAN,3,1/31/13
ZACKY FARMS LLC,KERMAN,18,1/31/13
ZACKY FARMS LLC,KERMAN,1,1/31/13
ZACKY FARMS LLC,KERMAN,3,1/31/13
ZACKY FARMS LLC,LATON,1,1/31/13
ZACKY FARMS LLC,LATON,2,1/31/13
ZACKY FARMS LLC,LEMOORE,2,1/31/13
ZACKY FARMS LLC,LEMOORE,4,1/31/13
ZACKY FARMS LLC,LEMOORE,2,1/31/13
ZACKY FARMS LLC,NEWMAN,5,1/31/13
ZACKY FARMS LLC,OAKDALE,1,1/31/13
ZACKY FARMS LLC,ORANGE COVE,5,1/31/13
ZACKY FARMS LLC,ORANGE COVE,2,1/31/13
ZACKY FARMS LLC,REEDLEY,6,1/31/13
ZACKY FARMS LLC,REEDLEY,4,1/31/13
ZACKY FARMS LLC,REEDLEY,5,1/31/13
ZACKY FARMS LLC,RIVERDALE,3,1/31/13
ZACKY FARMS LLC,SAN JOAQUIN,4,1/31/13
ZACKY FARMS LLC,SAN JOAQUIN,3,1/31/13
ZACKY FARMS LLC,STOCKTON,216,1/31/13
ZYNGA INC.,CARLSBAD,3,6/3/13
ZYNGA INC.,LOS ANGELES,50,6/3/13
ZYNGA INC.,MOUNTAIN VIEW,4,6/3/13
ZYNGA INC.,SAN FRANCISCO,218,6/3/13
"ADVANCED MICRO DEVICES, INC.",SUNNYVALE,82,1/3/12
AERO-ELECTRIC INC,TORRANCE,23,11/23/12
"AERO-ELECTRIC, INC.",TORRANCE,72,3/19/12
AEROSPACE CORPORATION,EL SEGUNDO,239,5/31/12
AEROSPACE CORPORATION,VANDENBERG AFB,1,5/31/12
"AFFYMETRIX, INC",SANTA CLARA,69,1/8/12
ALBERSTONS STORE NO: 6366,GLENDALE,54,11/4/12
ALBERSTONS STORE NO: 6545,NORCO,55,11/4/12
"ALBERTSON'S, INC.",FULLERTON,3,1/9/12
"ALBERTSON'S, INC.",LA HABRA,2,1/9/12
"ALBERTSON'S, INC.",MURRIETA,5,1/9/12
"ALBERTSON'S, INC.",PALMDALE,3,1/9/12
"ALBERTSON'S, INC.","RANCHO 
CUCAMONGA",5,1/9/12
"ALBERTSON'S, INC.",RIDGECREST,6,1/9/12
"ALBERTSON'S, INC.",TEHACHAPI,6,1/9/12
ALBERTSONS STORE NO: 6134,GARDEN GROVE,61,11/4/12
ALBERTSONS STORE NO: 6389,VAN NUYS,69,11/4/12
ALBERTSONS STORE NO: 6530,VICTORVILLE,62,11/4/12
ALBERTSONS STORE NO: 6535,MORENO VALLEY,57,11/4/12
ALBERTSONS STORE NO: 6537,ROWLAND HEIGHTS,61,11/4/12
ALBERTSONS STORE NO: 6548,ONTARIO,52,11/4/12
ALBERTSONS STORE NO: 6588,WALNUT,55,11/4/12
ALBERTSONS STORE NO: 6597,COVINA,61,11/4/12
ALBERTSONS STORE NO:6576,RIVERSIDE,59,11/4/12
ALBERTSONS STORE NO:6580,HACIENDA HEIGHTS,57,11/4/12
ALEXZA PHARMACEUTICALS,MOUNTAIN VIEW,27,2/17/12
ALVIN SOUZA DAIRY,TULARE,190,5/2/12
AMERICAN AIRLINES,COSTA MESA,43,11/16/12
AMERICAN AIRLINES,LOS ANGELES,1,8/24/12
AMERICAN AIRLINES,LOS ANGELES,14,9/21/12
AMERICAN AIRLINES,LOS ANGELES,706,11/16/12
AMERICAN AIRLINES,ONTARIO,2,11/16/12
AMERICAN AIRLINES,SAN DIEGO,80,11/16/12
AMERICAN AIRLINES,SAN FRANCISCO,8,9/21/12
AMERICAN AIRLINES,SAN FRANCISCO,224,11/16/12
AMERICAN AIRLINES,SAN JOSE,42,11/16/12
AMERICAN EAGLE (LAX),LOS ANGELES,269,11/15/12
"AMERICAN MEDICAL RESPONSE 
WEST",CONCORD,139,4/1/12
"AMERICAN MEDICAL RESPONSE 
WEST",SACRAMENTO,10,4/1/12
"AMERICAN MEDICAL RESPONSE 
WEST",SAN JOSE,189,4/1/12
"AMERICAN MEDICAL RESPONSE 
WEST",SAN RAFAEL,55,4/1/12
AMERICAN STORES COMPANY LLC,SAN DIEGO,61,6/26/12
"AMERON INTERNATIONAL WIND 
TOWERS DIVISION",FONTANA,180,11/24/12
"AMONIX, INC.",SEAL BEACH,76,6/30/12
"AMPCO SYSTEMS PARKING/PPM,LLC
(OAKLAND AIRPORT PKG)",OAKLAND AIRPORT,56,12/1/12
"AMTRAK/PENINSULA CORRIDOR 
JOINT POWERS BOARD (JPB)",MENLO PARK,58,5/25/12
"AMTRAK/PENINSULA CORRIDOR 
JOINT POWERS BOARD (JPB)",SAN FRANCISCO,80,5/25/12
"AMTRAK/PENINSULA CORRIDOR 
JOINT POWERS BOARD (JPB)",SAN JOSE,266,5/25/12
AMYLIN PHARMACEUTICALS LLC,SAN DIEGO,67,1/18/12
AMYLIN PHARMACEUTICALS LLC,SAN DIEGO,51,12/13/12
APPLIED MATERIALS,SANTA CLARA,2,5/20/12
APPLIED MATERIALS,SANTA CLARA,1,5/20/12
APPLIED MATERIALS,SANTA CLARA,3,5/20/12
"APPLIED MATERIALS, INC",SANTA CLARA,2,2/4/12
"APPLIED MATERIALS, INC",SANTA CLARA,6,11/26/12
"APPLIED MATERIALS, INC.",SANTA CLARA,10,2/4/12
"APPLIED MATERIALS, INC.",SANTA CLARA,21,4/15/12
"APPLIED MATERIALS, INC.",SANTA CLARA,8,4/15/12
"APPLIED MATERIALS, INC.",SANTA CLARA,29,7/23/12
"APPLIED MATERIALS, INC.",SANTA CLARA,9,8/30/12
"APPLIED MATERIALS, INC.",SANTA CLARA,11,9/16/12
"APPLIED MATERIALS, INC.",SANTA CLARA,11,11/4/12
"APPLIED MATERIALS, INC.",SUNNYVALE,3,2/4/12
"APPLIED MATERIALS, INC.",SUNNYVALE,1,4/15/12
"APPLIED MATERIALS, INC.",SUNNYVALE,1,7/23/12
"APPLIED MATERIALS, INC.",SUNNYVALE,1,8/30/12
"APPLIED MATERIALS, INC.",SUNNYVALE,6,9/16/12
AREVA SOLAR INC.,MOUNTAIN VIEW,1,8/4/12
"ASSISTANCE LEAGUE OF SOUTHERN 
CALIFORNIA (ALSC)",HOLLYWOOD,27,8/17/12
"ASSISTANCE LEAGUE OF SOUTHERN 
CALIFORNIA (ALSC)",HOLLYWOOD,45,8/17/12
"ASSISTANCE LEAGUE OF SOUTHERN 
CALIFORNIA (ALSC)",HOLLYWOOD,1,8/17/12
"ASSISTANCE LEAGUE OF SOUTHERN 
CALIFORNIA (ALSC)",LOS ANGELES,1,8/17/12
"ASSISTANCE LEAGUE OF SOUTHERN 
CALIFORNIA (ALSC)",LOS ANGELES,6,8/17/12
"ASSISTANCE LEAGUE OF SOUTHERN 
CALIFORNIA (ALSC)",LOS ANGELES,2,8/17/12
"ASSISTANCE LEAGUE OF SOUTHERN 
CALIFORNIA (ALSC)",PANORAMA CITY,3,8/17/12
"ASSISTANCE LEAGUE OF SOUTHERN 
CALIFORNIA (ALSC)",SAN FERNANDO,1,8/17/12
AURORA BANK,LAKE FOREST,5,7/7/12
"AURORA LOAN SERVICES, AURORA 
BANK FSB, CA",LAKE FOREST,103,5/25/12
"AUTODESK, INC",SAN RAFAEL,70,11/5/12
BAE SYSTEMS,SAN FRANCISCO,101,2/1/12
BAE SYSTEMS,SAN FRANCISCO,126,5/30/12
BAE SYSTEMS,SAN FRANCISCO,152,7/23/12
BAE SYSTEMS,SAN FRANCISCO,3,8/20/12
BAE SYSTEMS,SAN FRANCISCO,138,9/7/12
BAE SYSTEMS,SAN FRANCISCO,95,9/16/12
BAE SYSTEMS,SAN FRANCISCO,126,11/1/12
BAE SYSTEMS,SAN FRANCISCO,183,12/19/12
"BAE SYSTEMS INFORMATION 
SOLUTIONS, INC.",SAN DIEGO,77,9/10/12
BALLY TOTAL FITNESS,NORWALK,71,4/23/12
BANDAI NAMCO GAMES AMERICA INC.,SAN JOSE,37,3/6/12
BANDAI NAMCO GAMES AMERICA INC.,SAN JOSE,8,3/30/12
BANK OF AMERICA,ANAHEIM,77,9/28/12
BANK OF AMERICA,LOS ANGELES,60,3/31/12
BANK OF AMERICA,LOS ANGELES,100,5/31/12
"BANK OF AMERICA (CUSTOMER 
SERVICE CONTACT CENTER)",CONCORD,450,5/20/12
BANK OF AMERICA (GLENDALE),GLENDALE,281,12/31/12
"BECHTEL POWER CORP (IVANPAH 
SOLAR ENERGY PROJECT)",NIPTON,172,2/17/12
BEL AIR #508,ELK GROVE,63,9/30/12
BEL AIR MARKETS #526,WOODLAND,89,10/19/12
BERKELEY PATIENTS GROUP BPG,BERKELEY,69,5/25/12
BEST BUY,LOS ANGELES,64,6/15/12
BEST BUY,MANTECA,61,6/15/12
BEST BUY,MORENO VALLEY,50,6/15/12
BEST BUY,ONTARIO,78,6/15/12
BEST BUY,PALO ALTO,61,6/15/12
BEST BUY,PITTSBURG,59,6/15/12
BEST BUY,TUSTIN,79,6/15/12
"BIGPOINT, INC",SAN FRANCISCO,47,12/22/12
"BIMBO BAKERIES (EARTHGRAINS 
BAKING COMPANIES)",STOCKTON,125,12/29/12
"BIMBO BAKERIES USA,INC 
(MONTEBELLO,CA BAKERY)",MONTEBELLO,121,12/31/12
"BLACKROCK, INC.",SAN FRANCISCO,60,1/30/12
"BLIZZARD ENTERTAINMENT, INC.",IRVINE,45,4/28/12
"BLIZZARD ENTERTAINMENT, INC.",IRVINE,155,4/28/12
BLOOMFIELD BAKERS,LOS ALAMITOS,456,2/29/12
BLUE COAT SYSTEMS INC,SUNNYVALE,81,2/15/12
BOEING (ANAHEIM RIF),ANAHEIM,4,11/16/12
BOEING (EL SEGUNDO RIF),EL SEGUNDO,18,11/16/12
BOEING (HUNTINGTON BEACH RIF),HUNTINGTON BEACH,31,11/16/12
BOEING (LONG BEACH RIF),LONG BEACH,101,11/16/12
BOEING COMPANY,ANAHEIM,16,4/20/12
BOEING COMPANY,ANAHEIM,4,9/21/12
BOEING COMPANY,"EDWARDS AIR 
FORCE BA",1,4/20/12
BOEING COMPANY,HUNTINGTON BEACH,36,4/20/12
BOEING COMPANY,HUNTINGTON BEACH,27,9/21/12
BOEING COMPANY,LONG BEACH,71,4/20/12
BOEING COMPANY,LONG BEACH,59,9/21/12
BOEING COMPANY,SEAL BEACH,2,9/21/12
"BORAL ROOFING, LLC",IONE,40,12/1/12
BT AMERICA'S INC.,EL SEGUNDO,60,9/10/12
"BUONGIORNO U.S., INC.",LOS GATOS,23,4/30/12
CAL VALLEY EQUIPMENT,BAKERSFIELD,22,1/5/12
CALISOLAR INC.,SUNNYVALE,35,2/9/12
CALISOLAR INC.,SUNNYVALE,1,2/15/12
CALLAWAY GOLF COMPANY,CARLSBAD,10,1/29/12
CALLAWAY GOLF COMPANY,CARLSBAD,117,9/8/12
CAPITAL NURSERY CO.,CITRUS HEIGHTS,25,12/6/12
CAPITAL NURSERY CO.,ELK GROVE,35,12/6/12
CAPITAL ONE SERVICES,SALINAS,869,9/1/12
CAPITOL ONE (ING DIRECT),LOS ANGELES,235,7/6/12
"CARDIOVASCULAR CONSULTANTS 
MEDICAL GROUP, INC.",BRENTWOOD,11,7/31/12
"CARDIOVASCULAR CONSULTANTS 
MEDICAL GROUP, INC.",CASTRO VALLEY,10,7/31/12
"CARDIOVASCULAR CONSULTANTS 
MEDICAL GROUP, INC.",NEVADA CITY,1,7/31/12
"CARDIOVASCULAR CONSULTANTS 
MEDICAL GROUP, INC.",OAKLAND,27,7/31/12
"CARDIOVASCULAR CONSULTANTS 
MEDICAL GROUP, INC.",SAN RAMON,12,7/31/12
"CARDIOVASCULAR CONSULTANTS 
MEDICAL GROUP,INC.",WALNUT CREEK,33,7/31/12
"CAREWISE HEALTH (LANDACORP 
DIVISION OF SHPS)",CHICO,88,12/31/12
"CAREY LIMOUSINE S.F., INC","SOUTH SAN 
FRANCISCO",54,11/16/12
"CARRIAGE INN AT RIDGECREST 
HOTEL, ATLAS HOTELS INC",RIDGECREST,62,4/9/12
"CATERPILLAR LOGISTICS INC 
(HAYWARD RDC)",HAYWARD,10,12/14/12
CBNB/MAGELLAN LLC,SANTA BARBARA,6,10/5/12
"CBNB/MAGELLAN, LLC",CARPINTERIA,23,12/31/12
CEDARS-SINAI MEDICAL CENTER,LOS ANGELES,127,3/9/12
CEDARS-SINAI MEDICAL CENTER,LOS ANGELES,59,8/7/12
CEDARS-SINAI MEDICAL CENTER,LOS ANGELES,55,8/14/12
CEDARS-SINAI MEDICAL CENTER,LOS ANGELES,4,8/24/12
CERTIFIED AD SERVICES,FRESNO,86,4/28/12
"CIGNA, CT GENERAL LIFE INSURANCE 
COMPANY",SAN FRANCISCO,75,1/4/12
"CINDERBITER STOP MOTION 
(SHADEMAKER PRODUCTIONS)",SAN FRANCISCO,190,10/13/12
CISCO SYSTEMS INC.,SAN JOSE,291,9/21/12
CITYGRID MEDIA,WEST HOLLYWOOD,80,12/9/12
"CLIPPER WINDPOWER, LLC",CARPINTERIA,68,1/31/12
"CODEXIS, INC",REDWOOD CITY,133,10/30/12
COMCAST,LIVERMORE,435,11/30/12
COMCAST,MORGAN HILL,220,11/30/12
COMCAST,SACRAMENTO,410,11/30/12
COMCAST CAMPUS,LIVERMORE,105,7/27/12
COMCAST MORGAN HILL CTR,MORGAN HILL,119,9/15/12
COMERICA BANK,REDONDO BEACH,74,6/15/12
CONMED LINVATEC CORP.,GOLETA,41,1/30/12
CONMED LINVATEC CORP.,GOLETA,12,10/11/12
"CONSUMER RESOURCE NETWORK 
LLC",INGLEWOOD,258,5/4/12
"CONTINENTAL COMMERCIAL 
PRODUCTS, LLC",NORWALK,47,9/22/12
CONTINENTAL MARITIME,SAN DIEGO,80,5/4/12
CONTINENTAL MARITIME,SAN DIEGO,38,6/1/12
"COOPER LIGHTING, LLC",VAN NUYS,67,2/3/12
"CORELOGIC, INC.",SANTA ANA,5,1/16/12
"CORELOGIC, INC.",SANTA ANA,3,2/6/12
"CORELOGIC, INC.",SANTA ANA,2,2/7/12
"CORELOGIC, INC.",SANTA ANA,2,4/10/12
"CORELOGIC, INC.",SANTA ANA,2,5/14/12
CORELOGICS,SANTA ANA,59,1/2/12
CORELOGICS,SANTA ANA,3,1/9/12
CORIX UTILITIES (US) INC,GARDEN GROVE,33,12/20/12
CORIX UTILITIES (US) INC,VISALIA,2,1/31/12
CORIX UTILITIES (US) INC,VISALIA,45,12/20/12
CORIX UTILITIES (US)INC,ONTARIO,1,12/20/12
"CRAFTWORKS-GORDON BIERSCH 
RESTAURANT & BREWERY",SAN FRANCISCO,92,5/9/12
"CRICKET COMMUNICATIONS, INC",FRESNO,1,12/9/12
"CRICKET COMMUNICATIONS, INC",LOS ANGELES,15,12/9/12
"CRICKET COMMUNICATIONS, INC",SAN DIEGO,49,12/9/12
CROTHALL HEALTHCARE,TARZANA,76,9/21/12
CSC APPLIED TECHN0LOGY DIVISION,"EDWARDS AIR 
FORCE BA",5,5/31/12
"CURESEARCH FOR CHILDREN'S 
CANCER",ARCADIA,85,10/31/12
CVS PHARMACY STORE #3023,OAKLAND,67,3/10/12
"CVS/PHARMACY DIST CTR/LONGS 
DRUG STORE CALIFORNIA",PATTERSON,103,8/14/12
CYBERDEFENDER,LOS ANGELES,307,6/1/12
D&W FINE PACK,FOWLER,16,8/24/12
"DAWN FOOD PRODUCTS, INC.",MODESTO,265,3/10/12
DEL MONTE FOODS,KINGSBURG,1089,9/1/12
DELUXE LABORATORIES,LOS ANGELES,55,12/21/12
"DESERT CARDIOLOGY 
CONSULTANTS' MEDICAL GROUP, 
INC.",RANCHO MIRAGE,84,7/31/12
"DESTINATION LA JOLLA HOTEL, INC. 
ESTANCIA LA JOLLA",LA JOLLA,295,1/21/12
"DISNEY CONSUMER PRODUCTS, INC.",GLENDALE,64,4/30/12
DISNEY INTERACTIVE,NORTH HOLLYWOOD,99,11/5/12
"DIVERSIFIED MAILING, INC DBA 
WORLD MRKTING, INC",LA MIRADA,78,11/26/12
DURHAM SCHOOL SERVICES,VAN NUYS,69,8/31/12
"EBAY INC.(SAN JOSE NORTH 
FACILITY)",SAN JOSE,140,11/16/12
"EBAY, INC.",SAN JOSE,115,5/12/12
"EHARMONY, INC",SANTA MONICA,39,10/22/12
EL TORITO GRILL,NEWPORT BEACH,63,7/31/12
"ELAN PHARMACEUTICALS, INC","SOUTH SAN 
FRANCISCO",202,11/20/12
ESTERLINE,BREA,69,8/27/12
EXAR CORPORATION,FREMONT,59,5/27/12
EXELIS INC.,THOUSAND OAKS,147,3/30/12
"EXTREME LEARNING, INC.",MORGAN HILL,14,6/30/12
"FENCEWORKS, INC.",OCEANSIDE,129,6/5/12
FIRESIDE BANK,PLEASANTON,91,4/30/12
FIRESIDE BANK,PLEASANTON,30,5/31/12
FIRESIDE BANK,PLEASANTON,30,6/29/12
"FIRST AMERICAN HOME BUYERS 
PROTECTION CORPORATION",VAN NUYS,62,11/9/12
FIRST SOLAR,SANTA CLARA,63,2/11/12
FIRST STUDENT,STOCKTON,55,6/1/12
FLEET CARD FUELS,BAKERSFIELD,112,1/5/12
"FOREVER 21 LOGISTICS, LLC",LOS ANGELES,78,7/27/12
"FOREVER 21 LOGISTICS, LLC",VERNON,214,7/27/12
"FREEDOM COMMUNICATIONS, INC.",IRVINE,33,8/16/12
"FREEDOM COMMUNICATIONS, INC.",SANTA ANA,33,8/16/12
GARDA CASH LOGISTICS,PASADENA,38,2/15/12
GARDEN CITY CASINO,SAN JOSE,418,3/26/12
GEN-PROBE,SAN DIEGO,75,10/1/12
GENERAL DYNAMICS LAND SYSTEMS,CAMP PENDLETON,2,10/21/12
"GENERAL DYNAMICS LAND SYSTEMS-
AMPHIBIOUS SYSTEMS",CAMP PENDLETON,13,4/12/12
GENERAL VINEYARD SERVICES,GONZALES,86,6/4/12
GERON CORPORATION,MENLO PARK,5,3/31/12
GERON CORPORATION,MENLO PARK,8,6/30/12
"GOLDBERG AND SOLOVY FOODS, 
INC.",VERNON,175,1/27/12
GOODBY SILVERSTEIN & PARTNERS,SAN FRANCISCO,123,4/10/12
"GRASS VALLEY, LLC",NEVADA CITY,33,9/4/12
"GREEN VOLT, INC.",FREMONT,84,9/14/12
"GRID ONE SOLUTIONS, INC.",SAN MARCOS,55,10/12/12
GRUBB & ELLIS,SANTA ANA,76,4/11/12
"GWF POWER SYSTEMS, INC.",ANTIOCH,10,3/19/12
"GWF POWER SYSTEMS, INC.",ANTIOCH,9,3/19/12
"GWF POWER SYSTEMS, INC.",PITTSBURG,7,3/19/12
"GWF POWER SYSTEMS, INC.",PITTSBURG,3,3/19/12
"GWF POWER SYSTEMS, INC.",PITTSBURG,7,3/19/12
"GWF POWER SYSTEMS, INC.",PITTSBURG,5,3/19/12
HARBOR FREIGHT,OXNARD,8,3/19/12
HARBOR FREIGHT,OXNARD,23,3/19/12
"HARBOR SHOWCASE LTD. BATTLE OF 
THE DANCE",ANAHEIM,78,6/13/12
HEWLETT-PACKARD COMPANY,CUPERTINO,67,8/7/12
HEWLETT-PACKARD COMPANY,PALO ALTO,88,6/22/12
HEWLETT-PACKARD COMPANY,RANCHO CORDOVA,2,3/9/12
HEWLETT-PACKARD COMPANY,RANCHO CORDOVA,23,3/9/12
HEWLETT-PACKARD COMPANY,RANCHO CORDOVA,14,3/9/12
HEWLETT-PACKARD COMPANY,SUNNYVALE,1,2/3/12
HEWLETT-PACKARD COMPANY,SUNNYVALE,9,2/3/12
HEWLETT-PACKARD COMPANY,SUNNYVALE,11,4/28/12
"HMSHOST SAN DIEGO 
INTERNATIONAL AIRPORT",SAN DIEGO,436,11/20/12
HOSTESS BRAND INC,YUBA CITY,13,7/3/12
HOSTESS BRANDS INC,HAYWARD,14,7/3/12
HOSTESS BRANDS INC,INDIO,10,7/3/12
HOSTESS BRANDS INC,IRVINE,19,7/3/12
HOSTESS BRANDS INC,JACKSON,3,7/3/12
HOSTESS BRANDS INC,LONG BEACH,3,7/3/12
HOSTESS BRANDS INC,LOS ANGELES,363,7/3/12
HOSTESS BRANDS INC,LOS ANGELES,151,7/3/12
HOSTESS BRANDS INC,LOS ANGELES,8,7/3/12
HOSTESS BRANDS INC,OAKLAND,151,7/3/12
HOSTESS BRANDS INC,OXNARD,3,7/3/12
HOSTESS BRANDS INC,PITTSBURG,30,7/3/12
HOSTESS BRANDS INC,POMONA,5,7/3/12
HOSTESS BRANDS INC,REDDING,11,7/3/12
HOSTESS BRANDS INC,RIVERSIDE,11,7/3/12
HOSTESS BRANDS INC,SACRAMENTO,226,7/3/12
HOSTESS BRANDS INC,SACRAMENTO,2,7/3/12
HOSTESS BRANDS INC,SACRAMENTO,15,7/3/12
HOSTESS BRANDS INC,SAN PABLO,2,7/3/12
HOSTESS BRANDS INC,SANTA CLARA,13,7/3/12
HOSTESS BRANDS INC,STOCKTON,21,7/3/12
HOSTESS BRANDS INC,VALLEJO,22,7/3/12
HOSTESS BRANDS INC,WATSONVILLE,11,7/3/12
HOSTESS BRANDS INC,WOODLAND,12,7/3/12
"HOSTESS BRANDS, INC",ANAHEIM,45,7/3/12
"HOSTESS BRANDS, INC",ANTIOCH,3,7/3/12
"HOSTESS BRANDS, INC",ARROYO GRANDE,12,7/3/12
"HOSTESS BRANDS, INC.",AUBURN,8,7/3/12
"HOSTESS BRANDS, INC.",AZUSA,5,7/3/12
"HOSTESS BRANDS, INC.",BAKERSFIELD,3,7/3/12
"HOSTESS BRANDS, INC.",BAKERSFIELD,20,7/3/12
"HOSTESS BRANDS, INC.",BEAUMONT,14,7/3/12
"HOSTESS BRANDS, INC.",BELL,5,7/3/12
"HOSTESS BRANDS, INC.",CAMARILLO,15,7/3/12
"HOSTESS BRANDS, INC.",CHATSWORTH,24,7/3/12
"HOSTESS BRANDS, INC.",CHICO,12,7/3/12
"HOSTESS BRANDS, INC.",CHULA VISTA,22,7/3/12
"HOSTESS BRANDS, INC.",COSTA MESA,22,7/3/12
"HOSTESS BRANDS, INC.",DUBLIN,18,7/3/12
"HOSTESS BRANDS, INC.",EL CAJON,2,7/3/12
"HOSTESS BRANDS, INC.",EL CAJON,16,7/3/12
"HOSTESS BRANDS, INC.",EL CENTRO,5,7/3/12
"HOSTESS BRANDS, INC.",ESCONDIDO,30,7/3/12
"HOSTESS BRANDS, INC.",FRESNO,11,7/3/12
"HOSTESS BRANDS, INC.",FRESNO,20,7/3/12
"HOSTESS BRANDS, INC.",FRESNO,3,7/3/12
"HOSTESS BRANDS, INC.",GARDENA,50,7/3/12
"HOSTESS BRANDS, INC.",GLENDALE,25,7/3/12
"HOSTESS BRANDS, INC.",GLENDORA,35,7/3/12
"HOSTESS BRANDS, INC.",HAWTHORNE,3,7/3/12
"HOSTESS BRANDS, INC.",LANCASTER,15,7/3/12
"HOSTESS BRANDS, INC.",LOMITA,2,7/3/12
"HOSTESS BRANDS, INC.",MERCED,13,7/3/12
"HOSTESS BRANDS, INC.",MODESTO,1,7/3/12
"HOSTESS BRANDS, INC.",MODESTO,22,7/3/12
"HOSTESS BRANDS, INC.",RANCHO CORDOVA,20,7/3/12
"HOSTESS BRANDS, INC.",RIVERSIDE,26,7/3/12
"HOSTESS BRANDS, INC.",SACRAMENTO,22,7/3/12
"HOSTESS BRANDS, INC.",SALINAS,16,7/3/12
"HOSTESS BRANDS, INC.",SAN BERNARDINO,5,7/3/12
"HOSTESS BRANDS, INC.",SAN FRANCISCO,26,7/3/12
"HOSTESS BRANDS, INC.",SAN JOSE,35,7/3/12
"HOSTESS BRANDS, INC.",SAN LEANDRO,22,7/3/12
"HOSTESS BRANDS, INC.",SANTA ROSA,16,7/3/12
"HOSTESS BRANDS, INC.",STOCKTON,2,7/3/12
"HOSTESS BRANDS, INC.",STOCKTON,3,7/3/12
"HOSTESS BRANDS, INC.",TULARE,21,7/3/12
"HOSTESS BRANDS, INC.",UKIAH,16,7/3/12
"HOSTESS BRANDS, INC.",VICTORVILLE,3,7/3/12
"HOSTESS BRANDS, INC.",VICTORVILLE,17,7/3/12
"I-5 SOCIAL SERVICES CORP (DEL 
REY)",DEL REY,13,12/17/12
"I-5 SOCIAL SERVICES CORP 
(FIREBAUGH)",FIREBAUGH,17,12/17/12
I-5 SOCIAL SERVICES CORP (SELMA),SELMA,15,12/17/12
I-5 SOCIAL SERVICES CORP. (HURON),HURON,14,12/17/12
"I-5 SOCIAL SERVICES CORP. 
(KERMAN)",KERMAN,21,12/17/12
"I-5 SOCIAL SERVICES CORP. 
(MADERA)",MADERA,22,12/17/12
"I-5 SOCIAL SERVICES CORPORATE 
OFFICE",FRESNO,8,12/17/12
I-5 SOCIAL SERVICES CORPORATION,FRESNO,134,5/31/12
"I-5 SOCIAL SERVICES CORPORATION 
(MENDOTA)",MENDOTA,19,12/17/12
IAP WORLD SERVICES,FORT IRWIN,323,4/30/12
IAP WORLD SERVICES,FORT IRWIN,251,12/31/12
INDUSPAC INTEGRATED PACKAGING,ONTARIO,17,10/25/12
INTERNATIONAL PAPER,SANTA PAULA,64,6/19/12
INTERNATIONAL PAPER COMPANY,ONTARIO,91,6/26/12
"INTERNATIONAL RECTIFIER 
CORPORATION",EL SEGUNDO,121,8/2/12
INTUIT INC,MENLO PARK,5,9/21/12
INTUIT INC,MOUNTAIN VIEW,15,9/21/12
INTUIT INC,SAN DIEGO,1,1/4/12
INTUIT INC,SAN DIEGO,120,9/21/12
INTUIT INC,SAN FRANCISCO,1,9/21/12
INTUIT INC,WESTLAKE VILLAGE,4,9/20/12
INTUIT INC,WOODLAND HILLS,4,9/21/12
INTUIT INC.,MENLO PARK,21,10/15/12
"INTUIT, INC",MOUNTAIN VIEW,1,1/4/12
"INTUIT, INC",WOODLAND HILLS,4,1/4/12
"INTUIT, INC.",MOUNTAIN VIEW,1,10/15/12
JACK IN THE BOX,BUENA PARK,92,9/28/12
"JANSSEN ALZHEIMER IMM RES & DEV 
LLC & JANSSEN R&D","SOUTH SAN 
FRANCISCO",119,12/21/12
"JERRY'S FAMOUS DELI, INC.",COSTA MESA,52,4/30/12
"JET PLASTICS INDUSTRIES, INC.",FOWLER,113,3/29/12
JET PROPULSION LABORATORY,PASADENA,19,2/10/12
JM EAGLE (PERRIS FACILITY),PERRIS,49,9/21/12
"JOIE DE VIVRE HOSPITALITY, LLC 
(HOTEL DURANT)",BERKELEY,79,12/21/12
"KAISER FOUNDATION HEALTH PLAN, 
INC. CALL CENTER",STOCKTON,162,3/30/12
"KEOLIS TRANSIT AMERICA (MOBILITY 
PLUS TRANSPORT)",SAN FRANCISCO,61,9/20/12
KMART STORE #4474,TORRANCE,105,1/1/12
"KOREAN AIR LINES CO., LTD",LOS ANGELES,53,11/20/12
LA HACIENDA FARMS,SALINAS,96,11/30/12
"LABORATORY CORPORATION OF 
AMERICA (LABCORP)",LOS ANGELES,111,9/28/12
"LAKEVIEW FARMS, LLC",COMMERCE,93,3/26/12
"LAWRENCE LIVERMORE NATIONAL 
LABORATORY",LIVERMORE,205,11/15/12
"LEICA-MICROSYSTEMS (SAN JOSE) 
CORP.",SAN JOSE,2,2/12/12
"LEICA-MICROSYSTEMS (SAN JOSE) 
CORP.",SAN JOSE,1,5/1/12
"LEICA-MICROSYSTEMS (SAN JOSE) 
CORP.",SAN JOSE,6,6/1/12
"LEICA-MICROSYSTEMS (SAN JOSE) 
CORP.",SAN JOSE,2,7/15/12
LIONSGATE,SANTA MONICA,65,3/9/12
LOCKHEED MARTIN CORPORATION,SAN DIEGO,75,3/9/12
"LOCKHEED MARTIN SPACE SYSTEMS 
COMPANY",SUNNYVALE,105,5/4/12
"LOGITECH/(THE AMERICAS 
HEADQUARTERS)",NEWARK,86,8/13/12
"LORI'S DINER INTERNATIONAL, INC",SAN FRANCISCO,45,9/30/12
LOUISVILLE BEDDING COMPANY,ONTARIO,98,10/19/12
"LOVIN OVEN, LLC",AZUSA,571,10/31/12
LPS LENDER PROCESSING SERVICES,PASADENA,78,7/31/12
"LUKE & ASSOCIATES, INC",TRAVIS AFB,148,5/11/12
"LUKE & ASSOCIATES, INC.",BEALE A F B,15,5/11/12
MACY'S,SANTA ANA,3,9/15/12
"MARFRED (AMCOR PACKAGING 
DISTRIBUTION)",LAKEVIEW TERRACE,33,3/23/12
"MARRIOT (RITZ-CARLTON, LAKE 
TAHOE)",TRUCKEE,280,4/16/12
MARTIN JEFFERSON & SONS,SALINAS,82,12/31/12
"MAX'S ON THE SQUARE, INC.",SAN FRANCISCO,55,2/26/12
"MAZDA MOTORS OF AMERICA, INC.",IRVINE,27,7/2/12
"MAZDA MOTORS OF AMERICA, INC.",IRVINE,80,7/2/12
"MCKESSON PHARMACEUTICAL 
CORPORATION",SAN FRANCISCO,83,3/31/12
MEDIMMUNE (ASTRAZENECA PLC),MOUNTAIN VIEW,176,9/28/12
MEDIMMUNE (ASTRAZENECA PLC),SANTA CLARA,88,9/28/12
MEDPOINT MANAGEMENT,WOODLAND HILLS,65,11/30/12
MENZIES AVIATION LAX,LOS ANGELES,192,7/24/12
"MERCURY AIR CARGO, INC.",LOS ANGELES,57,10/15/12
METLIFE,AGOURA HILLS,54,3/31/12
METLIFE,IRVINE,118,3/30/12
METLIFE,PLEASANTON,59,3/30/12
METLIFE,PLEASANTON,88,3/30/12
MI PUEBLO FOOD CENTER,MODESTO,85,7/9/12
"MICRO ELECTRONICS, INC.",SANTA CLARA,49,9/12/12
MICROSEMI RFIS DIVISION,FOLSOM,78,7/16/12
"MILLS-PENINSULA HEALTH SERVICES 
(EXTENDED CARE)",SAN MATEO,44,4/1/12
"MILLS-PENINSULA HEALTH SERVICES 
(SKILLED NURSING)",BURLINGAME,46,4/1/12
"MILPRINT INC. (BEMIS COMPANY, 
INC.)",NEWARK,123,3/3/12
"MITSUBISHI ELECTRIC VISUAL 
SOLUTIONS AMERICA, INC",IRVINE,60,11/30/12
"MOBILITY PLUS, LLC / KEOLIS 
TRANSIT AMERICA",SAN FRANCISCO,44,4/30/12
MOMENTIVE SPECIALTY CHEMICALS,FREMONT,14,3/31/12
MOMENTUM FOR MENTAL HEALTH,SAN JOSE,71,7/2/12
"MORGANS HOTEL GROUP 
MANAGEMENT, LLC (SKYBAR)",WEST HOLLYWOOD,58,3/1/12
MOTOROLA MOBILITY LLC.,SAN DIEGO,160,8/31/12
MOTOROLA MOBILITY LLC.,SUNNYVALE,161,8/31/12
"MSC GROUP,INC",ANAHEIM,12,10/5/12
"MV TRANSPORTATION, INC.",ARCADIA,375,6/30/12
"MV TRANSPORTATION, INC.",MODESTO,114,9/28/12
"MV TRANSPORTATION, INC.",VAN NUYS,109,2/4/12
"MV TRANSPORTATION, INC.
(FAIRFIELD SUPPORT CENTER)",FAIRFIELD,32,6/1/12
MYLAN SPECIALTY LP,NAPA,267,8/24/12
NAMCO BANDAI GAMES AMERICA INC.,SAN JOSE,14,3/27/12
"NASTY GAL, INC.",ARLETA,47,7/15/12
NBC UNIVERSAL MEDIA LLC,BURBANK,50,12/31/12
NBC UNIVERSAL MEDIA LLC,LOS ANGELES,156,12/31/12
NBC UNIVERSAL MEDIA LLC,UNIVERSAL CITY,80,9/10/12
NBC UNIVERSAL MEDIA LLC,UNIVERSAL CITY,74,12/31/12
NBTY ACQUISITION LLC,GARDEN GROVE,44,12/19/12
NBTY ACQUISITION LLC,VALENCIA,68,12/19/12
"NESTLE USA-PREPARED FOODS 
DIVISION",CHATSWORTH,103,2/1/12
NEW BREED,FONTANA,165,12/21/12
"NOKIA, INC.",SUNNYVALE,84,9/14/12
NORTH COUNTY TIMES,ESCONDIDO,56,6/4/12
"NORTHRIDGE HOSPITAL MEDICAL 
CENTER",NORTHRIDGE,113,10/3/12
"NORTHROP GRUMMAN (AIRBORNE 
AND MARITIME)",SAN DIEGO,112,3/9/12
"NORTHROP GRUMMAN ENTERPRISE 
SHARED SERVICES",EL SEGUNDO,7,3/5/12
"NORTHROP GRUMMAN SYSTEMS 
CORPORATION",REDONDO BEACH,50,3/27/12
"OMNICARE, INC.",STOCKTON,95,4/11/12
ONCORE MANUFACTURING SERVICES,SAN MARCOS,63,6/22/12
OPHTHONIX INC,VISTA,86,10/16/12
PACIFIC GAS & ELECTRIC COMPANY,ANTIOCH,2,1/9/12
PACIFIC GAS & ELECTRIC COMPANY,AUBURN,2,1/9/12
PACIFIC GAS & ELECTRIC COMPANY,AVILA BEACH,4,1/9/12
PACIFIC GAS & ELECTRIC COMPANY,BAKERSFIELD,1,1/9/12
PACIFIC GAS & ELECTRIC COMPANY,CONCORD,1,1/9/12
PACIFIC GAS & ELECTRIC COMPANY,DAVIS,2,1/9/12
PACIFIC GAS & ELECTRIC COMPANY,FAIRFIELD,5,1/9/12
PACIFIC GAS & ELECTRIC COMPANY,FRESNO,1,1/9/12
PACIFIC GAS & ELECTRIC COMPANY,FRESNO,1,1/9/12
PACIFIC GAS & ELECTRIC COMPANY,FRESNO,2,1/9/12
PACIFIC GAS & ELECTRIC COMPANY,MERCED,1,1/9/12
PACIFIC GAS & ELECTRIC COMPANY,PLACERVILLE,1,1/9/12
PACIFIC GAS & ELECTRIC COMPANY,ROCKLIN,1,1/9/12
PACIFIC GAS & ELECTRIC COMPANY,SACRAMENTO,6,1/9/12
PACIFIC GAS & ELECTRIC COMPANY,SACRAMENTO,2,1/9/12
PACIFIC GAS & ELECTRIC COMPANY,SAN FRANCISCO,163,1/9/12
PACIFIC GAS & ELECTRIC COMPANY,SAN LUIS OBISPO,3,1/9/12
PACIFIC GAS & ELECTRIC COMPANY,SAN RAMON,28,1/9/12
PACIFIC GAS & ELECTRIC COMPANY,SAN RAMON,4,1/9/12
PACIFIC GAS & ELECTRIC COMPANY,SANTA ROSA,3,1/9/12
PACIFIC GAS & ELECTRIC COMPANY,TEMPLETON,1,1/9/12
PACIFIC GAS & ELECTRIC COMPANY,WALNUT CREEK,1,1/9/12
PACIFIC GAS & ELECTRIC COMPANY,WEST SACRAMENTO,1,1/9/12
PACIFIC GAS & ELECTRIC COMPANY,WEST SACRAMENTO,3,1/9/12
"PACIFIC HOTEL MANAGEMENT, LLC 
SHARATON PASADENA",PASADENA,153,7/30/12
"PACIFIC MONARCH RESORTS, INC.",ANAHEIM,5,8/22/12
"PACIFIC MONARCH RESORTS, INC.",ENCINO,10,8/22/12
"PACIFIC MONARCH RESORTS, INC.",IRVINE,7,8/22/12
"PACIFIC MONARCH RESORTS, INC.",LAGUNA BEACH,31,8/22/12
"PACIFIC MONARCH RESORTS, INC.",NEWPORT BEACH,4,8/22/12
"PACIFIC MONARCH RESORTS, INC.",ONTARIO,4,8/22/12
"PACIFIC MONARCH RESORTS, INC.",PALM SPRINGS,3,8/22/12
PACIFIC STEEL CASTING COMPANY,BERKELEY,135,11/15/12
PALM INC.,SUNNYVALE,219,4/28/12
PARAGON STUDIOS,MOUNTAIN VIEW,79,10/31/12
"PARSEC, INC",CITY OF INDUSTRY,44,12/31/12
"PARSEC, INC",LOS ANGELES,61,12/31/12
PATTERSON VEGETABLE COMPANY,PATTERSON,489,2/20/12
PATTERSON VEGETABLE COMPANY,PATTERSON,526,6/24/12
PAUL HASTINGS LLP,LOS ANGELES,23,1/11/12
"PELCO, DBA SCHNEIDER ELECTRIC",CLOVIS,4,3/13/12
"PERFORMANCE MOTORSPORTS, INC. 
DBA JE PISTONS, INC.",HUNTINGTON BEACH,116,8/28/12
"PHILIPS  (DISCUS DENTAL LLC-
AFFILIATE)",PLAYA VISTA,58,12/31/12
"PHILIPS ELECTRONICS NORTH 
AMERICA",SAN JOSE,108,2/29/12
PMI MORTGAGE INSURANCE CO.,WALNUT CREEK,155,3/6/12
"PREMIER WAREHOUSING VENTURES, 
LLC",MIRA LOMA,80,2/24/12
"PRIORITY ONE MEDICAL TRANSPORT, 
INC.",ONTARIO,76,3/30/12
"PROVIDENCE HOLY CROSS MEDICAL 
CENTER",MISSION HILLS,10,2/1/12
"QUEEN OF THE VALLEY MEDICAL 
CENTER",NAPA,55,7/25/12
"QUIKSILVER, INC.",HUNTINGTON BEACH,44,7/2/12
"RADIOLOGY MEDICAL GROUP OF 
SANTA CRUZ COUNTY, INC.",SANTA CRUZ,21,2/29/12
RALEY'S #334,MODESTO,71,9/30/12
RALEYS #335,PITTSBURG,79,10/19/12
RALPHS,LONG BEACH,63,9/17/12
RALPHS GROCERY COMPANY,APPLE VALLEY,49,6/1/12
RALPHS GROCERY COMPANY #733,FOUNTAIN VALLEY,51,12/9/12
RAMBUS INC,SUNNYVALE,68,10/30/12
"RANCHO VALENCIA PARTNERS, LLC",RANCHO SANTA FE,102,1/3/12
"RAYTHEON COMPANY'S SPACE AND 
AIRBORNE SYSTEMS",EL SEGUNDO,114,4/20/12
"RAYTHEON COMPANY'S SPACE AND 
AIRBORNE SYSTEMS",EL SEGUNDO,105,5/29/12
"RED DOG MANAGEMENT, INC",SANTA MARIA,96,11/1/12
RENAISSANCE DOORS & WINDOWS,FULLERTON,78,12/4/12
"REPUBLIC SERVICES/BROWNING 
FERRIS IND OF CA",MILPITAS,93,1/3/12
RICOH,TUSTIN,95,11/30/12
RIDEOUT HOME HEALTH,YUBA CITY,44,11/11/12
"RIVER RANCH FRESH FOODS, LLC",EL CENTRO,459,11/24/12
"RIVER RANCH FRESH FOODS, LLC",SALINAS,277,5/11/12
RIVERSIDE CONVENTION CENTER,RIVERSIDE,77,6/16/12
"ROCKWELL COLLINS, INC.",IRVINE,1,3/12/12
"ROCKWELL COLLINS, INC.",SAN JOSE,41,9/7/12
ROME RESEARCH CORPORATION,CAMP ROBERTS,56,12/31/12
RTI ELECTRONICS,ANAHEIM,49,6/15/12
RYDER,"RANCHO 
CUCAMONGA",51,10/26/12
"SAN DIEGO UNION-TRIBUNE, LLC",ESCONDIDO,46,11/30/12
"SAN DIEGO UNION-TRIBUNE, LLC",OCEANSIDE,19,11/30/12
"SAN DIEGO UNION-TRIBUNE, LLC",SAN DIEGO,9,11/30/12
"SAN DIEGO UNION-TRIBUNE, LLC",SAN MARCOS,5,11/30/12
"SAN DIEGO UNION-TRIBUNE, LLC",TEMECULA,1,11/30/12
"SANYO NORTH AMERICA 
CORPORATION, DIGITAL SOLUTIONS",CHATSWORTH,74,3/30/12
"SANYO SOLAR USA, LLC",CARSON,114,3/22/12
"SANYO SOLAR USA, LLC",CARSON,5,4/30/12
"SANYO SOLAR USA, LLC",CARSON,9,5/31/12
"SANYO SOLAR USA, LLC",CARSON,1,6/30/12
"SANYO SOLAR USA, LLC",CARSON,12,7/31/12
"SARTORIUS STEDIM SUS, INC.",CONCORD,91,10/12/12
"SAVI TECHNOLOGY, INC",MOUNTAIN VIEW,54,11/17/12
"SCHENKER, INC.",HAWTHORNE,56,3/2/12
"SCHNEIDER NATIONAL CARRIERS, 
INC.",FONTANA,161,8/13/12
"SCHNEIDER NATIONAL CARRIERS, 
INC.",RIVERSIDE,1,8/13/12
"SCHNEIDER NATIONAL CARRIERS, 
INC.",RIVERSIDE,8,8/13/12
SCOLARI'S FOOD & DRUG COMPANY,PASO ROBLES,58,6/10/12
SCOLARI'S FOOD & DRUG COMPANY,PISMO BEACH,49,6/10/12
SCOLARI'S FOOD & DRUG COMPANY,SAN LUIS OBISPO,56,6/10/12
SCOLARI'S FOOD & DRUG COMPANY,SANTA BARBARA,67,6/10/12
SEALED AIR CORPORATION,HAYWARD,49,4/13/12
SEARS HOLDINGS CORPORATION,EL MONTE,77,4/8/12
"SECURE CUSTOMER RELATIONS, INC.",FRESNO,98,6/18/12
SEVEN OAKS COUNTRY CLUB,BAKERSFIELD,73,10/31/12
SIERRA CENTRAL CREDIT UNION,HERLONG,4,11/30/12
SILGAN CONTAINERS,KINGSBURG,53,10/22/12
"SILGAN CONTAINERS 
MANUFACTURING",RIVERBANK,180,10/28/12
"SKYLINE CORPORATION (LAYTON 
TRAVEL TRAILERS #32)",HEMET,82,4/7/12
SKYWEST AIRLINES,FRESNO,50,8/21/12
SKYWEST AIRLINES,PALM SPRINGS,65,9/18/12
"SLEEPY GIANT ENTERTAINMENT, INC.",NEWPORT BEACH,63,8/31/12
"SONY ELECTRONICS, INC.",SAN DIEGO,80,3/9/12
"SONY ELECTRONICS, INC.",SAN DIEGO,50,6/30/12
"SOUTHERN CALIFORNIA BINDERY & 
MAILING, INC.",FONTANA,70,7/15/12
"SOUTHERN CALIFORNIA EDISON 
COMPANY",LA PALMA,17,12/31/12
"SOUTHERN CALIFORNIA EDISON 
COMPANY",SAN CLEMENTE,90,12/14/12
"SOUTHWEST ADMINISTRATORS, INC.",ALHAMBRA,189,10/8/12
SPACE SYSTEMS/LORAL INC,PALO ALTO,90,10/21/12
SPAGO RESTAURANT,BEVERLY HILLS,125,7/2/12
"ST. JOSEPH HEALTH (MISSION 
HOSPITAL)",MISSION VIEJO,150,7/30/12
"ST. JOSEPH HEALTH REVENUE CYCLE 
SERVICES",ORANGE,239,9/29/12
ST. JOSEPH HOSPITAL,EUREKA,67,5/30/12
"ST.JUDE MEDICAL CARDIAC RHYTHM 
MANGMNT DIV",SYLMAR,82,8/24/12
ST.JUDE MEDICAL CENTER,FULLERTON,155,9/29/12
"ST.JUDE MEDICAL, INC",SYLMAR,45,10/29/12
"ST.JUDE MEDICAL, INC",SYLMAR,114,12/31/12
"STAPLES, INC.",NEWARK,74,3/15/12
"STOCKTON SPORTSERVICE, LLC 
(STOCKTON EVENT CENTER)",STOCKTON,86,12/9/12
"SUREFIRE, LLC",FOUNTAIN VALLEY,22,4/24/12
"SUREFIRE, LLC",FOUNTAIN VALLEY,11,5/23/12
"SUREFIRE, LLC",FOUNTAIN VALLEY,21,5/28/12
"SUREFIRE, LLC",FOUNTAIN VALLEY,28,6/6/12
"SUREFIRE, LLC",FOUNTAIN VALLEY,5,6/13/12
"SUREFIRE, LLC",FOUNTAIN VALLEY,21,6/20/12
"SUREFIRE, LLC",FOUNTAIN VALLEY,21,6/26/12
"SUREFIRE, LLC",SANTA ANA,14,5/16/12
"SUTTER EAST BAY HOSPITAL DBA 
ALTA BATES SUMMIT MED",BERKELEY,67,8/27/12
"SUTTER EAST BAY HOSPITAL DBA 
ALTA BATES SUMMIT MED",BERKELEY,113,8/27/12
"SUTTER EAST BAY HOSPITAL DBA 
ALTA BATES SUMMIT MED",OAKLAND,137,8/27/12
"SUTTER EAST BAY HOSPITALS (ALTA 
BATES CAMPUS)",BERKELEY,31,9/24/12
"SUTTER EAST BAY HOSPITALS 
(HERRICK CAMPUS)",BERKELEY,5,9/24/12
"SUTTER EAST BAY HOSPITALS 
(SUMMIT CAMPUS)",OAKLAND,19,9/24/12
SVTC TECHNOLOGIES,SAN JOSE,106,11/17/12
"SYNERGY MEDICAL MANAGEMENT, 
LLC",LOS ANGELES,58,1/1/12
"SYNOPSYS, INC.",SAN JOSE,70,3/19/12
TARGET,NEWARK,139,3/6/12
TECHNICOLOR,GLENDALE,50,1/14/12
"TECHNICOLOR CREATIVE SERVICES 
USA, INC'S (C&A)",BURBANK,60,12/17/12
"TELEFUNKEN SEMICONDUCTORS 
AMERICA",ROSEVILLE,85,9/13/12
TELLABS,PETALUMA,44,4/4/12
TELLABS,SANTA CLARA,205,4/4/12
"TERCICA, INC.",BRISBANE,26,3/31/12
"TERCICA, INC.",BRISBANE,28,6/30/12
"TEVA PHARMACEUTICALS, INC",IRVINE,65,10/29/12
THE BOEING COMPANY,ANAHEIM,16,1/2/12
THE BOEING COMPANY,ANAHEIM,3,1/20/12
THE BOEING COMPANY,ANAHEIM,6,1/31/12
THE BOEING COMPANY,ANAHEIM,10,2/17/12
THE BOEING COMPANY,ANAHEIM,2,3/9/12
THE BOEING COMPANY,ANAHEIM,9,3/23/12
THE BOEING COMPANY,ANAHEIM,6,3/30/12
THE BOEING COMPANY,ANAHEIM,9,4/6/12
THE BOEING COMPANY,ANAHEIM,17,5/28/12
THE BOEING COMPANY,ANAHEIM,6,6/29/12
THE BOEING COMPANY,ANAHEIM,10,7/20/12
THE BOEING COMPANY,ANAHEIM,13,8/24/12
THE BOEING COMPANY,ANAHEIM,9,8/31/12
THE BOEING COMPANY,ANAHEIM,1,10/19/12
THE BOEING COMPANY,ANAHEIM,2,12/14/12
THE BOEING COMPANY,"EDWARDS AIR 
FORCE BA",37,2/17/12
THE BOEING COMPANY,"EDWARDS AIR 
FORCE BA",10,2/17/12
THE BOEING COMPANY,"EDWARDS AIR 
FORCE BA",2,3/23/12
THE BOEING COMPANY,"EDWARDS AIR 
FORCE BA",2,4/6/12
THE BOEING COMPANY,"EDWARDS AIR 
FORCE BA",1,7/20/12
THE BOEING COMPANY,EL SEGUNDO,28,10/19/12
THE BOEING COMPANY,EL SEGUNDO,9,12/14/12
THE BOEING COMPANY,HUNTINGTON BEACH,45,1/2/12
THE BOEING COMPANY,HUNTINGTON BEACH,38,1/20/12
THE BOEING COMPANY,HUNTINGTON BEACH,13,1/31/12
THE BOEING COMPANY,HUNTINGTON BEACH,12,2/17/12
THE BOEING COMPANY,HUNTINGTON BEACH,40,3/9/12
THE BOEING COMPANY,HUNTINGTON BEACH,62,3/23/12
THE BOEING COMPANY,HUNTINGTON BEACH,12,3/30/12
THE BOEING COMPANY,HUNTINGTON BEACH,7,4/6/12
THE BOEING COMPANY,HUNTINGTON BEACH,42,5/28/12
THE BOEING COMPANY,HUNTINGTON BEACH,29,7/20/12
THE BOEING COMPANY,HUNTINGTON BEACH,46,8/24/12
THE BOEING COMPANY,HUNTINGTON BEACH,41,10/19/12
THE BOEING COMPANY,HUNTINGTON BEACH,30,12/14/12
THE BOEING COMPANY,LONG BEACH,15,1/2/12
THE BOEING COMPANY,LONG BEACH,7,1/20/12
THE BOEING COMPANY,LONG BEACH,2,2/17/12
THE BOEING COMPANY,LONG BEACH,54,3/23/12
THE BOEING COMPANY,LONG BEACH,16,4/6/12
THE BOEING COMPANY,LONG BEACH,169,5/28/12
THE BOEING COMPANY,LONG BEACH,31,7/20/12
THE BOEING COMPANY,LONG BEACH,40,8/24/12
THE BOEING COMPANY,LONG BEACH,18,10/19/12
THE BOEING COMPANY,LONG BEACH,16,12/14/12
THE BOEING COMPANY,SEAL BEACH,17,5/28/12
THE BOEING COMPANY,SEAL BEACH,5,7/20/12
THE BOEING COMPANY,SEAL BEACH,12,8/24/12
THE BOEING COMPANY,VANDENBERG AFB,8,3/30/12
THE BOEING COMPANY,VANDENBERG AFB,1,4/6/12
THE CHEESECAKE FACTORY,LOS ANGELES,130,9/26/12
"THE CHEESECAKE FACTORY BAKERY, 
INC.",AGOURA HILLS,135,4/2/12
THE WILSHIRE HOTEL,LOS ANGELES,146,6/10/12
"THQ, INC.",AGOURA HILLS,80,3/26/12
TIME WARNER CABLE,GARDEN GROVE,82,3/10/12
TIME WARNER CABLE,ORANGE,49,6/15/12
TIME WARNER CABLE,SAN DIEGO,70,8/12/12
"TOYOTA CENTRAL (MCCALL 
AUTOMOTICE, INC)",LOS ANGELES,130,12/14/12
"TOYOTA MATERIAL HANDLING U.S.A. 
(TMHU)",IRVINE,12,4/12/12
"TOYS ""R"" US",RIALTO,57,7/2/12
"TRAFFIC CONTROL AND SAFETY 
CORPORATION",ARCATA,2,8/1/12
"TRAFFIC CONTROL AND SAFETY 
CORPORATION",BAKERSFIELD,10,8/1/12
"TRAFFIC CONTROL AND SAFETY 
CORPORATION",FAIRFIELD,47,8/1/12
"TRAFFIC CONTROL AND SAFETY 
CORPORATION",FRESNO,18,8/1/12
"TRAFFIC CONTROL AND SAFETY 
CORPORATION",GARDEN GROVE,84,8/1/12
"TRAFFIC CONTROL AND SAFETY 
CORPORATION",NEWPORT BEACH,23,8/1/12
"TRAFFIC CONTROL AND SAFETY 
CORPORATION",NIPOMO,24,8/1/12
"TRAFFIC CONTROL AND SAFETY 
CORPORATION",POWAY,16,8/1/12
"TRAFFIC CONTROL AND SAFETY 
CORPORATION",REDDING,115,8/1/12
"TRAFFIC CONTROL AND SAFETY 
CORPORATION",SACRAMENTO,31,8/1/12
"TRAFFIC CONTROL AND SAFETY 
CORPORATION",SAN JOSE,15,8/1/12
TRI-CITY LINEN SUPPLY COMPANY,RIVERSIDE,75,10/27/12
"TRIWEST HEALTHCARE ALLIANCE 
CORP",ALAMEDA,2,2/15/12
"TRIWEST HEALTHCARE ALLIANCE 
CORP",SAN DIEGO,104,2/15/12
"TRUCKEE DISTRIBUTION 
WAREHOUSE (SSI VENTURE LLC)",TRUCKEE,3,6/30/12
"TWO JINN, INC.",CARLSBAD,48,9/16/12
"U.S. LOGISTICS, INC.",BARSTOW,160,7/1/12
"UNIFIED GROCERS, INC. FRESNO 
WAREHOUSE",FRESNO,80,10/27/12
UNISYS,"EDWARDS AIR 
FORCE BA",20,3/30/12
UNISYS,"EDWARDS AIR 
FORCE BA",20,4/27/12
UNISYS,"EDWARDS AIR 
FORCE BA",14,6/1/12
UNITED FOOD GROUP,VERNON,360,4/10/12
UNITED HEALTH GROUP,SAN DIEGO,85,1/2/12
UNITED LAUNCH ALLIANCE (ULA),SAN DIEGO,29,1/5/12
UNITED LAUNCH ALLIANCE (ULA),SAN DIEGO,15,3/29/12
"UNITED SPIRAL PIPE, LLC",PITTSBURG,105,8/1/12
USS-POSCO INDUSTRIES,PITTSBURG,144,9/20/12
"VERIZON WIRELESS (CELLCO 
PARTNERSHIP)",FOLSOM,94,5/30/12
"VERIZON WIRELESS (CELLCO 
PARTNERSHIP)",RANCHO CORDOVA,220,6/30/12
VWR DISTRIBUTION CENTER,BRISBANE,151,6/1/12
"VWR INTERNATIONAL, LLC",BRISBANE,30,11/9/12
"W SILICON VALLEY HOTEL (W HOTEL 
MANAGEMENT, INC)",NEWARK,68,12/18/12
"W&F MANUFACTURING, LLC",SUN VALLEY,28,12/7/12
"WALGREENS INFUSION 
RESPIRATORY SERVICE",ANAHEIM,63,5/15/12
WALT DISNEY PICTURES,BURBANK,67,12/1/12
"WDC EXPLORATION & WELLS, INC.",MONTCLAIR,54,8/18/12
WELLPOINT,NEWBURY PARK,73,6/4/12
WELLPOINT,NEWBURY PARK,19,6/12/12
WELLS FARGO,CONCORD,4,12/4/12
WELLS FARGO,CONCORD,57,12/30/12
WELLS FARGO & CO,CONCORD,1,1/26/12
"WELLS FARGO (CUSTOMER 
CONNECTION)",SANTA ANA,318,5/25/12
WESTERN DIGITAL FREMONT LLC.,FREMONT,77,10/16/12
"WISEBUYS LIQUIDATORS, INC",ELK GROVE,20,10/17/12
"WISEBUYS LIQUIDATORS, INC",FOLSOM,20,10/17/12
"WISEBUYS LIQUIDATORS, INC",ROSEVILLE,45,10/17/12
"WORLD MARKETING, INC",LA MIRADA,80,11/26/12
"XEROX STATE HEALTHCARE, LLC",LOS ANGELES,18,10/20/12
"XEROX STATE HEALTHCARE, LLC",SACRAMENTO,4,10/20/12
"XEROX STATE HEALTHCARE, LLC",STOCKTON,24,10/20/12
XOMA (US) LLC,BERKELEY,78,3/6/12
XPAL POWER INC.,MODESTO,6,1/3/12
"XYRATEX INTERNATIONAL, INC.",WEST SACRAMENTO,27,5/17/12
"XYRATEX INTERNATIONAL, INC.",WEST SACRAMENTO,78,11/29/12
YAHOO! INC.,BURBANK,65,6/8/12
YAHOO! INC.,SAN DIEGO,35,6/8/12
YAHOO! INC.,SANTA CLARA,130,6/8/12
YAHOO! INC.,SANTA MONICA,70,6/8/12
YAHOO! INC.,SUNNYVALE,720,6/8/12
"ZODIAC POOL SYSTEMS, INC.",MOORPARK,125,3/30/12
